date,MKT,WML,VOL,RF
2014-03-03,-0.0068788098202870315,-0.0028452631357100988,0.0003940855356500683,7.936507936507937e-05
2014-03-04,0.015312633127077075,0.01713474832532138,-0.007088848355923463,7.936507936507937e-05
2014-03-05,-0.0010086825474504763,-0.00014928005712925294,-0.0028133873690703026,7.936507936507937e-05
2014-03-06,0.0017133494618895187,0.0023238284104994842,0.0009572418056154307,7.936507936507937e-05
2014-03-07,0.0009194746169755675,0.001100120530287465,0.004157782608486912,7.936507936507937e-05
2014-03-10,-0.002345887212413,0.0018932962620602579,0.0010430404484818901,7.936507936507937e-05
2014-03-11,-0.005191815961067606,-0.00787480172367753,0.0041346361337547335,7.936507936507937e-05
2014-03-12,0.0007718348027301645,0.000254642737283877,0.0014446395947249127,7.936507936507937e-05
2014-03-13,-0.012131335096144887,-0.009392020071472587,0.016398620420259698,7.936507936507937e-05
2014-03-14,-0.0003263154449041313,-0.004053271963455544,-0.0012779361941994186,7.936507936507937e-05
2014-03-17,0.007710613707553818,0.002709044630315305,-0.0028314082630375246,7.936507936507937e-05
2014-03-18,0.0068921148560516,0.006385577317078015,-0.007118677793596347,7.936507936507937e-05
2014-03-19,-0.006683646633811783,0.0034535466703919234,-0.0057834800411809785,7.936507936507937e-05
2014-03-20,0.004374743845112657,0.0012074398833938037,0.0021999743412973636,7.936507936507937e-05
2014-03-21,-0.0027235874224203808,-0.01599812729019395,0.015414217708856613,7.936507936507937e-05
2014-03-24,-0.007124443899493003,-0.011921335404027646,0.01668623678671731,7.936507936507937e-05
2014-03-25,0.0024647565231529704,-0.005739951079245114,0.0018014477026617368,7.936507936507937e-05
2014-03-26,-0.00837597023115302,-0.009303331183376113,0.013535571262638272,7.936507936507937e-05
2014-03-27,-0.0013392989432734377,-0.00990023850587634,0.001013723554980493,7.936507936507937e-05
2014-03-28,0.005580686472074375,-0.006851778027816076,0.002119167486774378,7.936507936507937e-05
2014-03-31,0.010016450511906059,0.01011925165088114,-0.0033360399453518253,7.936507936507937e-05
2014-04-01,0.00831217078216605,0.01122484265833561,-0.023522860367764943,7.936507936507937e-05
2014-04-02,0.003098209552074995,-0.0018456430259626423,-0.0036869289970668864,7.936507936507937e-05
2014-04-03,-0.0020537720104632966,-0.016764085048776054,0.016971252067893617,7.936507936507937e-05
2014-04-04,-0.013112389680754429,-0.023267992467304457,0.02432596925639888,7.936507936507937e-05
2014-04-07,-0.013813478275521974,-0.01520697537487675,0.015366138002514202,7.936507936507937e-05
2014-04-08,0.005015657937543452,-0.000687227631952423,-0.0007943451354935792,7.936507936507937e-05
2014-04-09,0.010707336496360235,0.023657975383261406,-0.019271083751441064,7.936507936507937e-05
2014-04-10,-0.02164605633644075,-0.02850439206062938,0.029714385356571164,7.936507936507937e-05
2014-04-11,-0.01131959433947662,-0.0036533751650453562,0.012547184402201195,7.936507936507937e-05
2014-04-14,0.007436983474015952,-0.0031647513208053132,4.58345954110137e-05,7.936507936507937e-05
2014-04-15,0.006525716898227471,0.0019850373565015334,0.0007312026685009215,7.936507936507937e-05
2014-04-16,0.011192549025742233,0.011479100811137882,-0.00955934803348324,7.936507936507937e-05
2014-04-17,0.0012069113488572996,0.0076536959323512165,-0.005763069084671393,7.936507936507937e-05
2014-04-21,0.0029679961983466317,0.006836601471157104,-0.010508179806033828,7.936507936507937e-05
2014-04-22,0.005277836918470729,0.008999241051778965,-0.015043896795096419,7.936507936507937e-05
2014-04-23,-0.0009677590705791441,0.0023429458276312378,0.007789536527981915,7.936507936507937e-05
2014-04-24,0.0007186542995145558,-0.0077140861717877734,0.008603008545899942,7.936507936507937e-05
2014-04-25,-0.009970887363579784,-0.020242138702992834,0.02920053340394445,7.936507936507937e-05
2014-04-28,-0.00048649765393747184,-0.01576372853623573,0.0198329922226858,7.936507936507937e-05
2014-04-29,0.005095189916235791,0.014038978159656108,-0.02263582887860171,7.936507936507937e-05
2014-04-30,0.004407203014272996,0.006090394126148094,-0.004405843854533152,7.936507936507937e-05
2014-05-01,0.001853470116359732,0.0014975979801872463,-0.00889056504339738,7.936507936507937e-05
2014-05-02,0.00013372898039698813,0.007307829843350113,-0.005813335344387621,7.936507936507937e-05
2014-05-05,0.0015512111361579506,0.003791027343262798,-0.003661211113474607,7.936507936507937e-05
2014-05-06,-0.008666078206188144,-0.003498189417599773,0.011167217434473822,7.936507936507937e-05
2014-05-07,0.006213197728361302,-0.006410251064769908,0.018225917411695373,7.936507936507937e-05
2014-05-08,-0.0014972689332999728,-0.005484964910264829,0.0035373333047813565,7.936507936507937e-05
2014-05-09,0.001606277956686432,0.004148679009789535,-0.007105698394495358,7.936507936507937e-05
2014-05-12,0.011682693230206034,0.0199573530383728,-0.028062826662489142,7.936507936507937e-05
2014-05-13,-0.0014183659254848736,0.0012533589856530548,0.003887416203708439,7.936507936507937e-05
2014-05-14,-0.005615409388292019,-0.011127863194829404,0.00627312628406414,7.936507936507937e-05
2014-05-15,-0.009042068174333487,-0.011189530183641508,0.0066788922480947996,7.936507936507937e-05
2014-05-16,0.004549181893346023,-0.002581775484114533,0.002003088710919885,7.936507936507937e-05
2014-05-19,0.0038207949860440214,0.01300095530942395,-0.016221999804030367,7.936507936507937e-05
2014-05-20,-0.00788380801726856,-0.005134414286793125,0.007291912080225637,7.936507936507937e-05
2014-05-21,0.006808348553997518,0.011275764839601812,-0.009866065048998193,7.936507936507937e-05
2014-05-22,0.0037937036059910805,0.004003600198934308,-0.008985147804761043,7.936507936507937e-05
2014-05-23,0.005129176639087259,0.009174145492450976,-0.005821170238735511,7.936507936507937e-05
2014-05-27,0.006280654986765337,0.007329277943382397,-0.010596179661413024,7.936507936507937e-05
2014-05-28,-0.0011576407405660093,0.0037772624188421996,-0.00046345520119384326,7.936507936507937e-05
2014-05-29,0.0048830980967031435,0.00376562512376978,-0.006923677752739079,7.936507936507937e-05
2014-05-30,0.0014323263664616829,-0.005285383034807241,0.00978337788989298,7.936507936507937e-05
2014-06-02,0.0018314505572859566,0.004389675911106541,-0.004932164579037099,7.936507936507937e-05
2014-06-03,-0.00015067907090984478,-0.0018983978720978657,-0.0009761757508684767,7.936507936507937e-05
2014-06-04,0.002982570883406748,0.0049983074715256115,-0.004435063611357247,7.936507936507937e-05
2014-06-05,0.006566541777138547,-0.0025380792741945823,0.001277214085978709,7.936507936507937e-05
2014-06-06,0.005249241895445661,0.0026819981168794502,-0.005901762317328538,7.936507936507937e-05
2014-06-09,0.00043752991705739994,-0.0036730296188635615,0.002709117562591505,7.936507936507937e-05
2014-06-10,-0.0018897546781670121,0.001902343600320923,-0.004578675915342179,7.936507936507937e-05
2014-06-11,-0.0035381077464888087,0.002922712560592278,-0.008667948173348433,7.936507936507937e-05
2014-06-12,-0.0073847902407936355,-0.009559628574238957,0.0074569082608807276,7.936507936507937e-05
2014-06-13,0.0031256877708263422,0.0059261921946669235,-0.0029337574633695115,7.936507936507937e-05
2014-06-16,0.0006278501116063919,0.0011795651713781851,-0.00227773023456352,7.936507936507937e-05
2014-06-17,0.0038449064074081744,0.004067846953961342,-0.005000304440648878,7.936507936507937e-05
2014-06-18,0.007304201110707219,0.004606316805690468,-0.0022565869793495204,7.936507936507937e-05
2014-06-19,0.0012426525784190725,-0.00016017289196998744,0.006837860215583418,7.936507936507937e-05
2014-06-20,0.002421934295644198,0.006477276104653386,-0.0039017352917007225,7.936507936507937e-05
2014-06-23,-0.001179666641539118,-0.004254112001946331,-9.465681673416471e-05,7.936507936507937e-05
2014-06-24,-0.006849298953186427,-0.005582057313259996,0.0051539101348199185,7.936507936507937e-05
2014-06-25,0.004339227336690021,0.012610747218423916,-0.00895654157959383,7.936507936507937e-05
2014-06-26,-0.0008612279085078785,-0.002216063430476254,-0.005507469741364403,7.936507936507937e-05
2014-06-27,0.0025468580299638018,-0.0012633941406908237,-0.0019565662979119844,7.936507936507937e-05
2014-06-30,0.001067944477978484,-0.0007709587484986113,-0.002503330615609381,7.936507936507937e-05
2014-07-01,0.006145735827729643,0.00500924907934419,-0.008953005789712223,7.936507936507937e-05
2014-07-02,-0.0017884158768615988,-0.004083883784056129,9.490541788734989e-06,7.936507936507937e-05
2014-07-03,0.004990769305433811,0.00019132337606204367,-0.003168238214173928,7.936507936507937e-05
2014-07-07,-0.005727719768682245,-0.009157770684291909,0.013233240383987674,7.936507936507937e-05
2014-07-08,-0.006224961732911587,-0.006191215552790691,0.013777211258836257,7.936507936507937e-05
2014-07-09,0.004669062356035612,0.0048688967257649925,-0.008724364923700871,7.936507936507937e-05
2014-07-10,-0.004457397197618774,-0.0005359644458431262,0.0022110460542124092,7.936507936507937e-05
2014-07-11,0.0007275662500414586,9.324216051255128e-05,-0.003363336464701138,7.936507936507937e-05
2014-07-14,0.002878709820989422,0.004995766324221363,-0.0028264801839048763,7.936507936507937e-05
2014-07-15,-0.0020177399966371076,-0.006254331033564369,0.008630249527054793,7.936507936507937e-05
2014-07-16,0.002609624861676237,-0.004706177898694206,0.0004604902893133773,7.936507936507937e-05
2014-07-17,-0.009327285290970107,-0.007000466993029408,0.005565174163264889,7.936507936507937e-05
2014-07-18,0.00840222512144698,0.013533529381013112,-0.005447268319695615,7.936507936507937e-05
2014-07-21,-0.0029525845527102385,-0.00021371798123503614,-0.0025444429356964796,7.936507936507937e-05
2014-07-22,0.005081172836916066,0.0036360061992368273,-0.008996264244488062,7.936507936507937e-05
2014-07-23,0.0007611362617892352,0.0006924261844624144,-0.010647233869154565,7.936507936507937e-05
2014-07-24,0.0018380774979342442,-0.004022714214695939,0.004675348676234768,7.936507936507937e-05
2014-07-25,-0.004371446356347646,-0.0017670743541079751,0.0005673634534251182,7.936507936507937e-05
2014-07-28,-0.0009047827632665057,-0.003226088040810832,0.004871365236006353,7.936507936507937e-05
2014-07-29,-0.004865827903348278,0.0008334486789818196,-0.0027837263059184505,7.936507936507937e-05
2014-07-30,3.922225539604357e-05,-0.0012077084120077095,-0.00695187528105769,7.936507936507937e-05
2014-07-31,-0.01863187057397436,-0.00842951071839216,0.004069992144474215,7.936507936507937e-05
2014-08-01,0.0015912537709532977,0.006178824019891349,-0.0008923435094870722,7.936507936507937e-05
2014-08-04,0.0029307198790526102,0.0012056033261671748,0.0005146857991523632,7.936507936507937e-05
2014-08-05,-0.007963116362081588,-0.010028862373456992,-0.005483607759194221,7.936507936507937e-05
2014-08-06,-0.00042869376751041076,-0.0037068165492855944,0.00647119819348853,7.936507936507937e-05
2014-08-07,-0.005091782596628125,-0.0043371173808262435,0.0026899919800038585,7.936507936507937e-05
2014-08-08,0.013162218476748215,-0.004159682747219517,-0.00370158468222765,7.936507936507937e-05
2014-08-11,0.0028396310095432234,0.0015804638373722547,-0.000846735552954427,7.936507936507937e-05
2014-08-12,-0.001991259641399983,-0.0010327472993627972,0.006580300931979073,7.936507936507937e-05
2014-08-13,0.0064036743726698375,0.009269196885545693,-0.004148688749417905,7.936507936507937e-05
2014-08-14,0.005261764220693301,-0.0014940876714993152,-0.006711925850839358,7.936507936507937e-05
2014-08-15,-0.00027114776308340523,0.005001423730625956,-0.0018711451980083828,7.936507936507937e-05
2014-08-18,0.009418118933175373,0.0026998810451036356,-0.00774536953020103,7.936507936507937e-05
2014-08-19,0.004899732882207708,7.339847929618533e-05,-0.0020774624465126302,7.936507936507937e-05
2014-08-20,0.0034351655623068187,-0.0001055137986397895,-0.0035900751137624026,7.936507936507937e-05
2014-08-21,0.0020161487875714544,-0.005027259271050046,0.0075931097867166135,7.936507936507937e-05
2014-08-22,-0.002291587585980818,9.683979092789397e-05,-0.009375335192852503,7.936507936507937e-05
2014-08-25,0.004402064643815458,0.00292405426617306,-0.00215660899487106,7.936507936507937e-05
2014-08-26,0.0003689768106224944,-0.00027316673677344914,-0.0008803665121036424,7.936507936507937e-05
2014-08-27,-0.00020925028705161755,-0.0017047994677570053,0.0010438881637507464,7.936507936507937e-05
2014-08-28,-0.0008386091610096677,0.0007853717712525166,0.0006407126444941864,7.936507936507937e-05
2014-08-29,0.0033761461010492193,0.0028291871938620552,0.0011750842890519398,7.936507936507937e-05
2014-09-02,0.0006168817471357272,0.005217364829255273,-0.005289670950832845,7.936507936507937e-05
2014-09-03,-0.0003421945855892914,-0.004909720079385528,0.0057474007886407705,7.936507936507937e-05
2014-09-04,-0.0008359189253731709,-0.00581252410555106,0.0007237267155560898,7.936507936507937e-05
2014-09-05,0.0046028792165680515,0.002079478409655772,0.0030430059002557815,7.936507936507937e-05
2014-09-08,-0.0030232749204048607,0.004136722019624613,-0.0013151194024612351,7.936507936507937e-05
2014-09-09,-0.007373104872183894,-0.0020418826267022423,0.004317379019065512,7.936507936507937e-05
2014-09-10,0.00180785368513925,0.0023989393970708264,-0.010979726753152058,7.936507936507937e-05
2014-09-11,0.0012750984724065597,-0.0017643821196754851,-0.0003684111336720238,7.936507936507937e-05
2014-09-12,-0.007613904197352363,-0.008846225982306097,-0.008965271074134277,7.936507936507937e-05
2014-09-15,-0.0023304437072890287,-0.008332046137356757,0.008232755437599033,7.936507936507937e-05
2014-09-16,0.00666105728555383,0.007011573656124402,-0.005622750240571395,7.936507936507937e-05
2014-09-17,0.0006859066624167621,0.00028604172363539933,-0.00285003902245501,7.936507936507937e-05
2014-09-18,0.003743291530194093,0.0033893966553882006,-0.006399156147200138,7.936507936507937e-05
2014-09-19,-0.002109888036582819,-0.005046336719364875,0.004569009062522444,7.936507936507937e-05
2014-09-22,-0.010285081072609756,-0.006038499555927841,0.009788940189687546,7.936507936507937e-05
2014-09-23,-0.007248394962419446,0.004137501692130532,-0.00016528445573149326,7.936507936507937e-05
2014-09-24,0.00752647410914185,0.007489188501222892,-0.00702695308311676,7.936507936507937e-05
2014-09-25,-0.014287651047521355,-0.0031377450631395083,0.007757515762294349,7.936507936507937e-05
2014-09-26,0.007649178326277198,0.006639421027344876,-0.00030120144990538646,7.936507936507937e-05
2014-09-29,-0.0019090578317780202,0.0006593349106446156,-0.0012351631581285069,7.936507936507937e-05
2014-09-30,-0.004600332258682368,-0.0014295966682830253,0.001329764308647118,7.936507936507937e-05
2014-10-01,-0.013155029569562056,-0.008629516494663791,0.012344211526217692,7.936507936507937e-05
2014-10-02,0.0011220253054509285,-0.0024660506969312154,-0.0016769023949686258,7.936507936507937e-05
2014-10-03,0.010895683079692962,0.011751135737303346,-0.006163338164831762,7.936507936507937e-05
2014-10-06,-0.0029514859609740636,-0.0029522968501142495,0.00829320518219923,7.936507936507937e-05
2014-10-07,-0.01619753553210051,0.001835938604185034,0.006764379660878861,7.936507936507937e-05
2014-10-08,0.016483167664758356,-0.002493093162776499,0.0008927557693741445,7.936507936507937e-05
2014-10-09,-0.02123517076462512,-0.0034597872848347935,0.011922196666894074,7.936507936507937e-05
2014-10-10,-0.013304245366278347,-0.008721800101407414,0.014911988051146227,7.936507936507937e-05
2014-10-13,-0.0170111658487701,-0.021569009184294562,0.01768375000337675,7.936507936507937e-05
2014-10-14,0.006054980266394993,-0.0012779873028100084,-0.0030854780570577197,7.936507936507937e-05
2014-10-15,-0.0046866868133884024,-0.0017305937822370094,-0.010529555206391976,7.936507936507937e-05
2014-10-16,0.004709525632031132,0.010612799378344633,-0.019224401541776744,7.936507936507937e-05
2014-10-17,0.011760363358753162,0.005375402531180922,-0.0036914788649724233,7.936507936507937e-05
2014-10-20,0.010761914600240159,0.011567247519742637,-0.013272023765690068,7.936507936507937e-05
2014-10-21,0.021939830601760555,0.009589877090995087,-0.012621781733700037,7.936507936507937e-05
2014-10-22,-0.008625395698474324,-0.0027487276493080148,0.007391214477511974,7.936507936507937e-05
2014-10-23,0.013023028109744013,0.001028431454119282,-0.01287368588530648,7.936507936507937e-05
2014-10-24,0.007510353926694037,0.0019524414146154792,0.0011936670727876655,7.936507936507937e-05
2014-10-27,-0.0008667266810565771,0.0006342741000336289,0.0011842926744166766,7.936507936507937e-05
2014-10-28,0.01292898502156053,0.000578419507546564,-0.0076864162385913825,7.936507936507937e-05
2014-10-29,0.0008223301341779135,0.0054359346895431334,0.0011455294682912963,7.936507936507937e-05
2014-10-30,0.013689019810420307,-0.006614520137581459,0.01003107818677669,7.936507936507937e-05
2014-10-31,0.0037384237840245734,0.009425464288599628,-0.01732229249718128,7.936507936507937e-05
2014-11-03,7.913262470120465e-05,0.008975257738088917,0.006372734983825186,7.936507936507937e-05
2014-11-04,-0.004061495905662022,0.007785240796102728,0.015160886139868195,7.936507936507937e-05
2014-11-05,0.006107705961634294,-0.011520174932033275,-0.002128771503558985,7.936507936507937e-05
2014-11-06,0.00505896630065685,0.0049903285421609486,-0.018110533569482674,7.936507936507937e-05
2014-11-07,0.0005349957143024122,-0.008494288638849174,-0.004572086849566365,7.936507936507937e-05
2014-11-10,0.0035035804330617844,0.009339672444773026,0.0029277017379921748,7.936507936507937e-05
2014-11-11,0.0006444137653232684,-0.0016589872835013075,-0.0015528349365392217,7.936507936507937e-05
2014-11-12,-0.0007670496020205207,0.00023586797928311538,-0.005331990557464084,7.936507936507937e-05
2014-11-13,-0.001492327033561887,0.006524233006465596,0.007276594742007286,7.936507936507937e-05
2014-11-14,-0.0004010730723067159,-0.008448601488880624,-0.008241123244094912,7.936507936507937e-05
2014-11-17,0.0009733181101780098,0.0007539932037729757,0.009341028217565012,7.936507936507937e-05
2014-11-18,0.0058147741444503805,0.011349282655684367,-0.006487712532642872,7.936507936507937e-05
2014-11-19,-0.0011439996334970128,-0.0038771303873434172,0.0006364478553003196,7.936507936507937e-05
2014-11-20,0.0029785262832414585,-0.007631692996932837,-0.010452636271932957,7.936507936507937e-05
2014-11-21,0.005732373910660598,-0.0068668674361797594,-0.0017610102349655083,7.936507936507937e-05
2014-11-24,0.0040233387323515245,0.008130771285511191,-0.004858170640775626,7.936507936507937e-05
2014-11-25,-0.0008140325828156595,0.005772079675873444,0.006007150220884903,7.936507936507937e-05
2014-11-26,0.0013170068596010825,0.009265865207585926,0.004378188069789698,7.936507936507937e-05
2014-11-28,-0.0019744584945007803,0.017602147222119377,0.02237483853711486,7.936507936507937e-05
2014-12-01,-0.008846514873491865,-0.002867897221486908,0.009280436647146544,7.936507936507937e-05
2014-12-02,0.006284675936278363,0.0036389915590828116,-0.0028255956529270277,7.936507936507937e-05
2014-12-03,0.006299848224728036,-0.006346826625041322,-0.013867352035458913,7.936507936507937e-05
2014-12-04,-0.001550191348468519,0.011750112854388125,0.0008725746363639694,7.936507936507937e-05
2014-12-05,0.0016116094838806946,0.0032849921840564407,0.004453280240819533,7.936507936507937e-05
2014-12-08,-0.007601612870106578,0.014573318301009216,0.027179799315157013,7.936507936507937e-05
2014-12-09,0.0015522977111939009,-0.005692334242869989,-0.011797545039568688,7.936507936507937e-05
2014-12-10,-0.01716199788819438,0.011229479134294909,0.013849078171914988,7.936507936507937e-05
2014-12-11,0.004671678388959631,0.004013458702535384,0.00031699316461147875,7.936507936507937e-05
2014-12-12,-0.014789819569149657,0.0019396444463351294,-0.0006493793297171115,7.936507936507937e-05
2014-12-15,-0.005646288624564744,0.0053629174856772155,0.004299067768364715,7.936507936507937e-05
2014-12-16,-0.0068334846026308895,-0.011657907372265137,0.0018028586033398569,7.936507936507937e-05
2014-12-17,0.021690673551870134,-0.00280015232512024,-0.02440866297616765,7.936507936507937e-05
2014-12-18,0.021601742157226485,0.0019514531063222623,-0.0034998706829659706,7.936507936507937e-05
2014-12-19,0.005167941357618124,-0.009243435649313859,-0.017465697109518282,7.936507936507937e-05
2014-12-22,0.003947333242383679,0.001257395174466378,0.012749316899382215,7.936507936507937e-05
2014-12-23,0.0033302913351262076,-0.015475406895286016,0.002239943768994372,7.936507936507937e-05
2014-12-24,0.0005035871891406507,0.008520726471655814,-0.002215301830680652,7.936507936507937e-05
2014-12-26,0.002242415755656243,0.0028729203234244974,0.0005757825961019679,7.936507936507937e-05
2014-12-29,0.002170396308497956,-0.0004930687542260732,-0.002745421633305797,7.936507936507937e-05
2014-12-30,-0.005129302498343627,-0.0037060978878484803,0.0020129265083387855,7.936507936507937e-05
2014-12-31,-0.009845622022784568,-0.002035817238020248,-0.006802536697819409,7.936507936507937e-05
2015-01-02,0.00031729551038652085,0.0013126363359138706,-0.002746242815921919,7.936507936507937e-05
2015-01-05,-0.017892254027150382,0.023238157698098304,0.02786112218602123,7.936507936507937e-05
2015-01-06,-0.00986335205050415,0.006629821005279495,0.01663076241726385,7.936507936507937e-05
2015-01-07,0.012270502249790483,0.015683033432025578,0.010801117412287675,7.936507936507937e-05
2015-01-08,0.01754879685816715,-0.0030979721422983407,-0.010479818101009048,7.936507936507937e-05
2015-01-09,-0.007980547697796506,0.0006040171323859374,-0.004390568905528636,7.936507936507937e-05
2015-01-12,-0.00813830169410652,0.009258480401737903,0.023306957471660245,7.936507936507937e-05
2015-01-13,-0.002763404971707826,0.0020119632805807356,0.003567320314653624,7.936507936507937e-05
2015-01-14,-0.0051967702352911024,0.0027525363344462588,0.00019482565464562507,7.936507936507937e-05
2015-01-15,-0.008855484269185185,0.008523451153770414,0.014175440847339963,7.936507936507937e-05
2015-01-16,0.013842652551312722,-0.005597438209637255,-0.02253914146868661,7.936507936507937e-05
2015-01-20,-0.00044613225958675397,0.013745400146548691,-0.005586067419075347,7.936507936507937e-05
2015-01-21,0.006698402241284314,-0.010375582087023471,-0.027299150449314778,7.936507936507937e-05
2015-01-22,0.014987273211714992,0.007442444821400768,0.00810761178707106,7.936507936507937e-05
2015-01-23,-0.0043033186631539514,0.011942728897296011,-0.004321750534204104,7.936507936507937e-05
2015-01-26,0.005248414454643927,-0.005909973519518545,-0.01038938770843506,7.936507936507937e-05
2015-01-27,-0.008396454302837393,-0.004678584084341005,-0.0008339277005436699,7.936507936507937e-05
2015-01-28,-0.013984943935958626,0.023544590663521922,0.019962199931035367,7.936507936507937e-05
2015-01-29,0.00886625319448266,0.005340016850349056,-0.0009732662359433018,7.936507936507937e-05
2015-01-30,-0.01430509752405749,-0.02456004421912098,-0.019463884842260627,7.936507936507937e-05
2015-02-02,0.011092380005236699,-0.02191886569093179,-0.017026781821010036,7.936507936507937e-05
2015-02-03,0.015212784227624688,-0.016008410310137146,-0.011195563971451121,7.936507936507937e-05
2015-02-04,-0.0040245596765875365,0.022417968411711675,0.01583265078777433,7.936507936507937e-05
2015-02-05,0.009666745628019915,-0.006881672599504904,-0.008203995028867117,7.936507936507937e-05
2015-02-06,-0.004944903923217949,-0.0033609432191422433,-0.001497485195191016,7.936507936507937e-05
2015-02-09,-0.004822947948458306,-0.015508249068502445,-0.003975118221243435,7.936507936507937e-05
2015-02-10,0.011133897122784614,0.014577816897906753,-0.0007304439382609567,7.936507936507937e-05
2015-02-11,-0.0010510822997471876,0.007172441132471485,0.0077767792830481085,7.936507936507937e-05
2015-02-12,0.010101137137061967,-0.011786563659844002,-0.00474923077297539,7.936507936507937e-05
2015-02-13,0.0035355469892561016,-0.01906869908751981,-0.01847859937749236,7.936507936507937e-05
2015-02-17,0.0011473346517852302,-0.00012242895663520546,-0.004828253837130807,7.936507936507937e-05
2015-02-18,0.002175845398412123,0.006101788650912175,0.001954502357040281,7.936507936507937e-05
2015-02-19,-0.000822224214249069,0.0011906557453105916,-0.0071586541495011966,7.936507936507937e-05
2015-02-20,0.006595575401260203,0.0065031580002795335,0.003474274274194828,7.936507936507937e-05
2015-02-23,-0.00025394815266461114,0.010968151386611776,0.005736548565935237,7.936507936507937e-05
2015-02-24,0.0015790558734565877,-0.003889618442323142,-0.004503873143990404,7.936507936507937e-05
2015-02-25,1.526206213008755e-05,-0.006805760785947815,-0.0038033617645857817,7.936507936507937e-05
2015-02-26,-0.003484128317213393,0.015696746948264423,0.012399499295730802,7.936507936507937e-05
2015-02-27,-0.002494022152554143,0.0008903441510590636,0.008351395204188691,7.936507936507937e-05
2015-03-02,0.006181121454550131,0.006565508370955378,0.0028892349676721348,7.936507936507937e-05
2015-03-03,-0.004178489217676177,-0.006496257636394252,-0.006778366321650191,7.936507936507937e-05
2015-03-04,-0.005787228754907309,0.004805379177436737,-0.0007561946954024457,7.936507936507937e-05
2015-03-05,0.002711019512319134,0.006054059440143173,0.004037139581823622,7.936507936507937e-05
2015-03-06,-0.014922253141257343,-0.0007615359757190167,0.005667272827733253,7.936507936507937e-05
2015-03-09,0.003552817355117704,0.014101301297072454,0.016967382376310042,7.936507936507937e-05
2015-03-10,-0.015314728226224596,0.00661522984269418,0.004473822961245835,7.936507936507937e-05
2015-03-11,0.0002683225630319819,0.0032714000732020155,-0.0014937389401486255,7.936507936507937e-05
2015-03-12,0.013157027279559233,0.010090918771104646,0.01327897849749253,7.936507936507937e-05
2015-03-13,-0.00596672609001538,0.009098917622182328,-0.001956080603662722,7.936507936507937e-05
2015-03-16,0.013813176349493167,0.008775904979157695,0.004094110987911315,7.936507936507937e-05
2015-03-17,-0.0027577923818100872,0.002414941800800945,-0.0038622802904849426,7.936507936507937e-05
2015-03-18,0.012529831721385958,-0.0068166803644574905,-0.012106412952248546,7.936507936507937e-05
2015-03-19,-0.003927018609333984,0.01567572875681275,0.003363667098399742,7.936507936507937e-05
2015-03-20,0.010053317878450988,-0.006634726363964602,-0.004889345732096919,7.936507936507937e-05
2015-03-23,-0.0025077477245890236,-0.005143963149479229,0.004056090683803801,7.936507936507937e-05
2015-03-24,-0.0056939167298290655,0.00014691469362273883,-0.0030636914625812605,7.936507936507937e-05
2015-03-25,-0.015046101635721558,-0.016210984651338443,-0.0069241366483558135,7.936507936507937e-05
2015-03-26,-0.0018869539803185302,-0.0008498849064018099,-0.0014293393007314761,7.936507936507937e-05
2015-03-27,0.004143037581163698,0.015156933721613542,0.0039002028974199627,7.936507936507937e-05
2015-03-30,0.012321365774278805,-0.0015534178017882847,-0.002627795768430627,7.936507936507937e-05
2015-03-31,-0.0064270435024475206,-0.003596290133503986,0.001037807562680011,7.936507936507937e-05
2015-04-01,-0.004170182516742084,-0.005990035227622388,0.0045916037484674795,7.936507936507937e-05
2015-04-02,0.0038333396793095303,-0.007727236119987395,-0.0005742488534077302,7.936507936507937e-05
2015-04-06,0.00668618804499442,-0.01781251291633139,-0.005853367426889083,7.936507936507937e-05
2015-04-07,-0.00427444192453981,-0.0047053037682045235,-0.0002480139352899805,7.936507936507937e-05
2015-04-08,0.004358623166007086,0.011051288380905362,-0.005327436729993787,7.936507936507937e-05
2015-04-09,0.0025082189188190855,-0.012589235074444297,-0.0062502539545341105,7.936507936507937e-05
2015-04-10,0.0027461138868871107,0.004547523862291385,0.003921080161294221,7.936507936507937e-05
2015-04-13,-0.004542334125925667,-0.0006067744853152958,0.0012358902749241472,7.936507936507937e-05
2015-04-14,0.0012824846898630811,-0.010558098280756744,-0.006215338824831056,7.936507936507937e-05
2015-04-15,0.004647739942924488,-0.027891829767657885,-0.017064227084382072,7.936507936507937e-05
2015-04-16,-0.0007119842782871191,0.005139913994999872,-0.002152618221107678,7.936507936507937e-05
2015-04-17,-0.011273327203559159,-0.0005895792394754809,0.0007817785974984226,7.936507936507937e-05
2015-04-20,0.007861974223202369,0.0003791913928117242,-0.0003370027820012167,7.936507936507937e-05
2015-04-21,-0.0006942927144591531,0.022223711912820607,-0.0015663317129620338,7.936507936507937e-05
2015-04-22,0.0034182405431934957,-0.005555725009116938,-0.0022125515574607513,7.936507936507937e-05
2015-04-23,0.002520781705550115,-0.003201854438142735,0.0023004949992409935,7.936507936507937e-05
2015-04-24,-0.0004892783396810708,0.0006868053183315937,-0.0021194127006223156,7.936507936507937e-05
2015-04-27,-0.0060016352323905755,-0.015001488983826378,0.0003391503130804165,7.936507936507937e-05
2015-04-28,0.0010965123316310594,-0.008449614986230494,0.0036070860427374436,7.936507936507937e-05
2015-04-29,-0.004687767175376587,-0.01807546948318201,-0.007353311675469154,7.936507936507937e-05
2015-04-30,-0.009354521560621354,-0.007772620356558795,-0.0016543021442498975,7.936507936507937e-05
2015-05-01,0.011254156285493375,0.01435870098400211,-0.012714342273078313,7.936507936507937e-05
2015-05-04,0.0033471482334588567,0.003755208657622559,0.0056831530208196505,7.936507936507937e-05
2015-05-05,-0.013204647176411717,-0.004235033824765174,0.008191023667592463,7.936507936507937e-05
2015-05-06,-0.0031788524106901085,0.009965746730633182,0.0011037105576432332,7.936507936507937e-05
2015-05-07,0.00516586872736617,0.018232524381175112,-0.004281497744004318,7.936507936507937e-05
2015-05-08,0.011301223256284201,-0.003609702787703709,-0.0037935418684655643,7.936507936507937e-05
2015-05-11,-0.003635524465996014,0.012339895366599664,0.001647500220930217,7.936507936507937e-05
2015-05-12,-0.0031720309022304103,-0.0014294341813036637,0.0015545284471310493,7.936507936507937e-05
2015-05-13,-0.0009835572797495776,-0.0033353824494900697,0.0019285025770750946,7.936507936507937e-05
2015-05-14,0.009454150201709999,0.009957025181884762,0.004114538851806594,7.936507936507937e-05
2015-05-15,0.0016660269588241656,-0.00016135178170998852,-0.0025284793581367036,7.936507936507937e-05
2015-05-18,0.004258526340453572,0.007614397414995912,-0.004689878718131093,7.936507936507937e-05
2015-05-19,-0.0006350225001920434,0.013747950207812432,0.009913837927970457,7.936507936507937e-05
2015-05-20,-0.000960356662760393,-0.012476679339478578,0.00135670593028363,7.936507936507937e-05
2015-05-21,0.0018775993247670047,-0.007543064075196946,-0.006398549359843926,7.936507936507937e-05
2015-05-22,-0.0016844363315978166,0.0016224844089312283,-0.0033840238561791253,7.936507936507937e-05
2015-05-26,-0.010604538986744298,0.007517305327813825,0.006856131249139658,7.936507936507937e-05
2015-05-27,0.007915042533356667,0.01606578794967245,-0.007425945081213638,7.936507936507937e-05
2015-05-28,-0.0019328340603177742,0.005027838376031497,0.00420137439710191,7.936507936507937e-05
2015-05-29,-0.005844020396022931,0.008626004020390283,-0.0042987985922597685,7.936507936507937e-05
2015-06-01,0.00198168351247542,0.007806727604676142,-0.0015697841110065027,7.936507936507937e-05
2015-06-02,-0.000638278837523568,-0.013520398638905922,-0.0012204194746216594,7.936507936507937e-05
2015-06-03,0.0011162690605513127,0.0026533679340036698,0.0067200160822446,7.936507936507937e-05
2015-06-04,-0.008222705329273373,0.0024680703281498495,-0.00460636012571032,7.936507936507937e-05
2015-06-05,-7.895913937177603e-05,-0.0005039672978731538,-0.006709189426881189,7.936507936507937e-05
2015-06-08,-0.007204331047620769,0.0013501684892336212,0.011200548134638541,7.936507936507937e-05
2015-06-09,-0.0006206332971748602,-0.0020279706284888864,0.0024261474833744295,7.936507936507937e-05
2015-06-10,0.010814351606170693,0.0007227689167403767,0.0009068249707787218,7.936507936507937e-05
2015-06-11,0.002830042024775535,0.003970210545209567,0.0048991299284532695,7.936507936507937e-05
2015-06-12,-0.005663890931767908,0.00345627294580617,0.00021829036268621732,7.936507936507937e-05
2015-06-15,-0.005152130783456521,0.0078069483875162346,-0.0022619142083880653,7.936507936507937e-05
2015-06-16,0.00600499248742715,0.0040253215954806215,0.001332396014465366,7.936507936507937e-05
2015-06-17,0.0025738674982074047,-0.003234629788764374,-0.002639471362125721,7.936507936507937e-05
2015-06-18,0.009868829049029497,0.006468869617152832,-0.0008602447878025606,7.936507936507937e-05
2015-06-19,-0.003867525554593043,0.004123848234212495,-0.003082674175414047,7.936507936507937e-05
2015-06-22,0.005152276180379406,0.0011283159096893251,-0.0011357900823524723,7.936507936507937e-05
2015-06-23,-0.0009400741722599932,-0.0016504348413102464,-0.0016929478525651714,7.936507936507937e-05
2015-06-24,-0.008067270500060885,-0.0008960063857402015,0.0030289263432707273,7.936507936507937e-05
2015-06-25,-0.0030989984900030173,0.015240558157572828,-0.00042841015384363157,7.936507936507937e-05
2015-06-26,0.0003544494783599781,-0.0035836165453468683,0.010965238932716689,7.936507936507937e-05
2015-06-29,-0.021658672925785938,0.0006868984350547613,0.007722836855751168,7.936507936507937e-05
2015-06-30,0.0032741227112689205,-0.0006783496721793993,-0.006335699684518842,7.936507936507937e-05
2015-07-01,0.0065232989542350775,0.020255783595611976,0.014323104168520409,7.936507936507937e-05
2015-07-02,-0.0002667818569987971,-0.007616173874184455,-0.002995539136085401,7.936507936507937e-05
2015-07-06,-0.004577187028374117,0.016044745860844277,0.006230221164352164,7.936507936507937e-05
2015-07-07,0.007368979483934089,-0.003604103871133595,0.005911608107935463,7.936507936507937e-05
2015-07-08,-0.01730432534655082,0.006995767750049082,0.013304835129340085,7.936507936507937e-05
2015-07-09,0.0026146985410438937,-0.0010435598281975937,-0.0046556051029362664,7.936507936507937e-05
2015-07-10,0.011259955052706957,0.01785757213509784,-0.0049100345683234774,7.936507936507937e-05
2015-07-13,0.00990014926661504,-0.002426448291444276,-0.003194653616244607,7.936507936507937e-05
2015-07-14,0.003791850182734747,-0.00609377908845232,-0.008400159050027894,7.936507936507937e-05
2015-07-15,-0.0033888700241277428,0.016593064533241164,0.011366585868011144,7.936507936507937e-05
2015-07-16,0.006140050200735545,0.00686335366231625,-0.0021531856466615595,7.936507936507937e-05
2015-07-17,-0.0043128667959664874,0.013665125328681926,0.004304028513342185,7.936507936507937e-05
2015-07-20,-0.0014367632371382697,0.016758271659916373,0.012165240341396271,7.936507936507937e-05
2015-07-21,-0.004656128222044924,-0.004400512466423405,-0.005495085383197054,7.936507936507937e-05
2015-07-22,0.0010336841876588247,0.012189070557886407,0.005124452704590545,7.936507936507937e-05
2015-07-23,-0.005290511292915651,-0.0031559374445211683,-0.000760607942863316,7.936507936507937e-05
2015-07-24,-0.010506565220389492,0.00935726498530839,0.013197286406149126,7.936507936507937e-05
2015-07-27,-0.006915895744554427,-0.001494565792242138,0.012407484261278254,7.936507936507937e-05
2015-07-28,0.0125524096121553,-0.0141890772104184,-0.013100470549189702,7.936507936507937e-05
2015-07-29,0.009069486900385244,-0.008245182051690798,0.002241860666892294,7.936507936507937e-05
2015-07-30,0.0015486376010856225,0.0005516917386788567,-0.0010921608798210834,7.936507936507937e-05
2015-07-31,-1.604739136786737e-05,0.016606979030409374,-0.00031189064302429115,7.936507936507937e-05
2015-08-03,-0.0026807099599953275,0.012160945541123992,0.004979182309135121,7.936507936507937e-05
2015-08-04,-0.0007847466181174933,0.0067965158042191335,-0.0018870650513050184,7.936507936507937e-05
2015-08-05,0.003382939107877542,0.02174943639224614,0.0031960025117165197,7.936507936507937e-05
2015-08-06,-0.005728615742874798,-0.026159686637442045,-0.008043585831374895,7.936507936507937e-05
2015-08-07,-0.0016947296634086313,0.01574481894022361,0.007757647217606685,7.936507936507937e-05
2015-08-10,0.013401654246596402,-0.020262499703067482,-0.012814951729950338,7.936507936507937e-05
2015-08-11,-0.007923292167870823,0.011905157220963867,0.0019078915058458653,7.936507936507937e-05
2015-08-12,0.0010175337577653975,-0.014587458321513225,-0.0038136758965191995,7.936507936507937e-05
2015-08-13,-0.000929784402973466,0.02256687428619827,0.010414188959828007,7.936507936507937e-05
2015-08-14,0.00451658493958058,0.003698681343724819,0.006623607808036283,7.936507936507937e-05
2015-08-17,0.005736777132712673,0.007154833801483538,-0.006194098884046574,7.936507936507937e-05
2015-08-18,-0.002280827923800021,0.006548942488953431,0.0064135045513566205,7.936507936507937e-05
2015-08-19,-0.007967773718269436,0.014870639787575253,0.004241236002878542,7.936507936507937e-05
2015-08-20,-0.021513552019500008,-0.0005892996078804696,0.012380278387156302,7.936507936507937e-05
2015-08-21,-0.028028650264403255,-0.011052410329796071,0.005723859616184462,7.936507936507937e-05
2015-08-24,-0.041415002460726144,0.009117832284009912,0.007529688584986878,7.936507936507937e-05
2015-08-25,-0.014359035804368203,0.013127796984086622,-0.0029067684272086093,7.936507936507937e-05
2015-08-26,0.0323463845326279,0.013342339142832602,-0.0076944547714246254,7.936507936507937e-05
2015-08-27,0.025501609582328874,-0.03627252149590602,-0.025170992200939293,7.936507936507937e-05
2015-08-28,0.0028051371328297664,-0.01924864109850566,-0.012181761784958327,7.936507936507937e-05
2015-08-31,-0.007874029049488881,-0.01711623594960698,-0.0039241894559760085,7.936507936507937e-05
2015-09-01,-0.028691783602323856,0.008603031530274124,0.016130343471549822,7.936507936507937e-05
2015-09-02,0.016276436625674545,0.011355884805871387,-0.004838827518278955,7.936507936507937e-05
2015-09-03,0.003793334080051345,-0.005765334389037273,0.0031276728056080206,7.936507936507937e-05
2015-09-04,-0.015221289500186929,0.008100910274200294,-0.0007364287158889912,7.936507936507937e-05
2015-09-08,0.024853610049419318,0.005571668927076286,-0.003911098609718503,7.936507936507937e-05
2015-09-09,-0.013204198613491935,0.010322408887019097,0.0015705007348883193,7.936507936507937e-05
2015-09-10,0.0031919479233098124,0.0003655967883112064,-0.005398156316717653,7.936507936507937e-05
2015-09-11,0.00439000361247862,0.016203269201827523,0.00514655332352911,7.936507936507937e-05
2015-09-14,-0.004560289706082935,0.005050872670660632,0.007348022366910484,7.936507936507937e-05
2015-09-15,0.011833358953974846,-0.0014946743125735396,-0.004497419608833401,7.936507936507937e-05
2015-09-16,0.010102979982674887,-0.027595926911838636,-0.017323311538972555,7.936507936507937e-05
2015-09-17,-0.0013599809699944001,0.010629307243892952,0.0034568606933030573,7.936507936507937e-05
2015-09-18,-0.016344319829404746,0.011918134939880025,0.01678908858226862,7.936507936507937e-05
2015-09-21,0.0037779760686535036,0.0050817511598998145,0.015451725591488708,7.936507936507937e-05
2015-09-22,-0.014781764084760793,0.002038971426744512,0.012119697202475013,7.936507936507937e-05
2015-09-23,-0.0030815705566722943,0.023615054829544117,0.0165641218012589,7.936507936507937e-05
2015-09-24,-0.003813538744032221,-0.010967915957538437,-0.00230741084264099,7.936507936507937e-05
2015-09-25,0.0003719516405594554,-0.003039439736933092,0.013794282047003831,7.936507936507937e-05
2015-09-28,-0.02788517754265261,-0.003218826293750497,0.03080049613215259,7.936507936507937e-05
2015-09-29,0.0010412119379234709,-0.002949405216940762,0.0049240503254653414,7.936507936507937e-05
2015-09-30,0.018956489016567955,0.001229435504432396,-0.017005461692252102,7.936507936507937e-05
2015-10-01,0.0003881717117679987,0.019478037162482018,-0.00561545288667748,7.936507936507937e-05
2015-10-02,0.015896998248294127,-0.028254517132325845,-0.037009951534546115,7.936507936507937e-05
2015-10-05,0.019554352541897288,-0.029003450095714436,-0.014371089061344006,7.936507936507937e-05
2015-10-06,-0.00543114806502738,-0.04401365070816846,-0.01677733350052088,7.936507936507937e-05
2015-10-07,0.009415967586211419,-0.006808176455827051,-0.011086852686691986,7.936507936507937e-05
2015-10-08,0.011531048023134526,-0.015641298482584574,-0.004129592996158709,7.936507936507937e-05
2015-10-09,0.00020369350274171812,0.014643368326969114,0.0038839231156431175,7.936507936507937e-05
2015-10-12,0.00040147464463487936,0.026169849525443246,0.01912392430951737,7.936507936507937e-05
2015-10-13,-0.008812437854009019,-0.004499260360678646,0.008644250484683503,7.936507936507937e-05
2015-10-14,-0.0046741708369225565,-0.021173155304649766,-0.017117401820697074,7.936507936507937e-05
2015-10-15,0.013166362765147505,0.006820528146510482,-0.005926016014164152,7.936507936507937e-05
2015-10-16,0.002068258593199056,0.015336740470276123,0.016594130484380947,7.936507936507937e-05
2015-10-19,-0.00019068656090550935,0.017753514800189853,0.014651656781839169,7.936507936507937e-05
2015-10-20,0.0010714928484113775,-0.010908554569082499,0.007418632974993707,7.936507936507937e-05
2015-10-21,-0.007200526065158576,0.002606829889250672,0.014726188281475162,7.936507936507937e-05
2015-10-22,0.014627658492811467,-0.00873905102033785,0.003937793490083646,7.936507936507937e-05
2015-10-23,0.005099027852828203,0.006991178916125114,-0.016255009282037693,7.936507936507937e-05
2015-10-26,-0.002676188225718704,0.022502285570186888,0.020731078916454367,7.936507936507937e-05
2015-10-27,-0.00460391308203354,0.02302548313589057,0.007251280978412189,7.936507936507937e-05
2015-10-28,0.01180737846482264,-0.012970500468076192,-0.020308402544413125,7.936507936507937e-05
2015-10-29,-0.0007723233419455637,-0.0054602675182599085,-0.0024989296294911736,7.936507936507937e-05
2015-10-30,-0.0014035116769366392,-0.006327874712098127,-0.011197585195050578,7.936507936507937e-05
2015-11-02,0.012591086363293839,-0.014386825808738518,-0.015027401176612998,7.936507936507937e-05
2015-11-03,0.0019000223205823657,-0.02574785345149338,-0.016666868337519125,7.936507936507937e-05
2015-11-04,-0.003888969721975921,0.004808056718345246,0.002872156929552035,7.936507936507937e-05
2015-11-05,-0.0006766473601175352,0.01042944070648918,0.007391347182619648,7.936507936507937e-05
2015-11-06,-0.002696565374184092,-0.002584901265289057,-0.01797906178278902,7.936507936507937e-05
2015-11-09,-0.009830189971073506,-0.0015455576105365375,0.004127332866718289,7.936507936507937e-05
2015-11-10,0.002732340567391739,0.011819895020561872,0.014529417023721363,7.936507936507937e-05
2015-11-11,-0.004524254942805727,0.01800711983244576,0.02313554512294324,7.936507936507937e-05
2015-11-12,-0.015529488873774956,0.005645190863024591,0.010239847338152603,7.936507936507937e-05
2015-11-13,-0.009601954977466035,-0.011991713571215278,-0.007455415668608955,7.936507936507937e-05
2015-11-16,0.014963860033472037,-0.012327821482674601,-0.008328734012734061,7.936507936507937e-05
2015-11-17,-0.002136413929952737,0.014970976269188412,-0.0022815128888043225,7.936507936507937e-05
2015-11-18,0.015854973748627994,-0.000905855618485378,-0.007289582127487537,7.936507936507937e-05
2015-11-19,-0.0011176874445424177,0.007705750038726428,0.020544855693095575,7.936507936507937e-05
2015-11-20,0.0035076478654298606,0.017369520938501602,0.008853955142432288,7.936507936507937e-05
2015-11-23,0.0004774446289826492,0.0010239492095494773,-0.002703210605041576,7.936507936507937e-05
2015-11-24,0.0021808884797020677,-0.021493860342269543,-0.021149372839011582,7.936507936507937e-05
2015-11-25,0.0008638086678890192,0.00757489869965813,0.0013045200832797997,7.936507936507937e-05
2015-11-27,0.0006382885513094868,0.0136307801282432,0.010880071538263586,7.936507936507937e-05
2015-11-30,-0.003443794266476333,-0.0163880288262878,-0.009333914151470718,7.936507936507937e-05
2015-12-01,0.00961913771494168,0.007094293646280318,-0.0010883660934899453,7.936507936507937e-05
2015-12-02,-0.013359427526456658,0.01875691342629274,0.008957536604228902,7.936507936507937e-05
2015-12-03,-0.015497471886218972,0.00010337319049248325,0.0053921874673948395,7.936507936507937e-05
2015-12-04,0.016936632891998187,0.030891558932275208,0.020932780805591397,7.936507936507937e-05
2015-12-07,-0.00842355478696531,0.013936161769345277,0.02445217909908459,7.936507936507937e-05
2015-12-08,-0.007091995438333519,0.018696506190382243,0.0019594884677457043,7.936507936507937e-05
2015-12-09,-0.008137335012694159,-0.019972332324776368,-0.013186723835814504,7.936507936507937e-05
2015-12-10,0.0018086396293242046,-0.0014308067633002587,-0.011268357467432303,7.936507936507937e-05
2015-12-11,-0.019121215231189568,0.012710874792948319,0.025223366486395758,7.936507936507937e-05
2015-12-14,-3.56171092477049e-05,0.025046783478522714,0.02213079272796908,7.936507936507937e-05
2015-12-15,0.011329754028102794,-0.004697849780205952,-0.007904634339429608,7.936507936507937e-05
2015-12-16,0.013832994622066904,0.0016838909225288731,0.002191526549457907,7.936507936507937e-05
2015-12-17,-0.016545956578544862,0.014346804172828641,0.018831886430145956,7.936507936507937e-05
2015-12-18,-0.014907508101678743,-0.010699637142693159,-0.009762989153109589,7.936507936507937e-05
2015-12-21,0.007431742356809589,-0.005412239344540017,-0.009066988089210568,7.936507936507937e-05
2015-12-22,0.01012461807777992,-0.013969706159776555,-0.004760255368162819,7.936507936507937e-05
2015-12-23,0.01572140430250776,-0.031575137148404486,-0.026406331189392063,7.936507936507937e-05
2015-12-24,-0.00098870067734991,0.000356558124169275,-0.0002623050144213916,7.936507936507937e-05
2015-12-28,-0.002871574787253593,0.018300402518446376,0.016389058466726537,7.936507936507937e-05
2015-12-29,0.009583409727185193,-0.0028786754067744655,-0.006364067788168034,7.936507936507937e-05
2015-12-30,-0.008035171080409388,0.009128136400524112,0.01247265838816556,7.936507936507937e-05
2015-12-31,-0.00776797564622933,-0.011617368800878436,-0.013478531377415542,7.936507936507937e-05
2016-01-04,-0.013375310918279648,-0.024346886869694745,-0.009465916307799294,7.936507936507937e-05
2016-01-05,0.0024620798722872063,0.0009885563283952422,0.010593692217796727,7.936507936507937e-05
2016-01-06,-0.016827367001644142,0.033726554592399156,0.038848809855912055,7.936507936507937e-05
2016-01-07,-0.02268443300192881,0.003435432435535204,0.01576466592342386,7.936507936507937e-05
2016-01-08,-0.011865474423914155,-0.007617241472754235,0.0046916836556979286,7.936507936507937e-05
2016-01-11,-0.003275606671212741,0.019647735520218305,0.02764222862405715,7.936507936507937e-05
2016-01-12,0.005545199793025209,0.022430188283351308,0.014119864372598646,7.936507936507937e-05
2016-01-13,-0.026177520345611608,-0.009811845580126353,0.02184568196642471,7.936507936507937e-05
2016-01-14,0.01414397805990172,-0.00986466602602183,-0.02124570701890971,7.936507936507937e-05
2016-01-15,-0.019363375409057755,0.004639706861957402,0.013243145321792686,7.936507936507937e-05
2016-01-19,-0.003080212975943472,0.015829823681199603,0.027803183504594677,7.936507936507937e-05
2016-01-20,-0.010491921850240853,0.0006708864247961096,-0.009917671948635545,7.936507936507937e-05
2016-01-21,0.0075567649822224515,-0.031939168385800736,-0.03903543133547365,7.936507936507937e-05
2016-01-22,0.02093166520143655,0.001841979658886654,-0.007892924928448862,7.936507936507937e-05
2016-01-25,-0.019234987015089397,0.021947595631852175,0.026240890586678483,7.936507936507937e-05
2016-01-26,0.018322737733949445,-0.025085054631337554,-0.02030414058954054,7.936507936507937e-05
2016-01-27,-0.008510890945971647,-0.0175175040639406,0.0027586495146171303,7.936507936507937e-05
2016-01-28,0.0007886824471325541,0.0012139228297356986,0.00029409204567018826,7.936507936507937e-05
2016-01-29,0.028358341748122913,-0.016137239755059932,-0.01732530427402017,7.936507936507937e-05
2016-02-01,0.0006843173343811811,0.01130356905066194,0.010273971628445237,7.936507936507937e-05
2016-02-02,-0.02182734911137453,0.0001715939700975,0.028583372701136263,7.936507936507937e-05
2016-02-03,0.008673068335532852,-0.046005853400108127,-0.032919032232026836,7.936507936507937e-05
2016-02-04,0.004433434251459492,-0.01286654991953709,-0.010091178950317636,7.936507936507937e-05
2016-02-05,-0.01982769657589364,-0.021605650672044948,0.029146056158605587,7.936507936507937e-05
2016-02-08,-0.02279167364447419,0.008160236842351412,0.03175535388508405,7.936507936507937e-05
2016-02-09,-0.002092483024068919,0.03163178700053282,0.026491202712974726,7.936507936507937e-05
2016-02-10,0.0014779353170432333,0.01893835924021276,0.005909375144349899,7.936507936507937e-05
2016-02-11,-0.014270221892920824,0.006209777351928238,0.0018107488556724158,7.936507936507937e-05
2016-02-12,0.02195795645359469,-0.015161950426244238,-0.0212854683791456,7.936507936507937e-05
2016-02-16,0.020531803211430392,-0.009321890289512198,-0.019774545900713248,7.936507936507937e-05
2016-02-17,0.01845760476475979,-0.010991870709075917,-0.03128257532736988,7.936507936507937e-05
2016-02-18,-0.0037269402156590533,-0.01003974356935701,0.012600688028797657,7.936507936507937e-05
2016-02-19,-0.00048413771359831357,0.024432513918400497,0.011469010428498709,7.936507936507937e-05
2016-02-22,0.018038690681153203,-0.022972315689401956,-0.037384539877596046,7.936507936507937e-05
2016-02-23,-0.012266778360901676,0.019230477629166246,0.031197697466339266,7.936507936507937e-05
2016-02-24,0.0058283310187134596,-0.006180358087212855,-0.016685781098128325,7.936507936507937e-05
2016-02-25,0.011546800973784575,0.011451215910047281,0.008405313021500233,7.936507936507937e-05
2016-02-26,0.0016746604722240616,-0.01516250890007921,-0.026044663255399763,7.936507936507937e-05
2016-02-29,-0.007072731635850925,-0.011805955461819577,-0.004900851232221501,7.936507936507937e-05
2016-03-01,0.023954230016906303,-0.005642264300253521,-0.01960696148061919,7.936507936507937e-05
2016-03-02,0.006871238733534449,-0.030143140467869266,-0.03483201412253438,7.936507936507937e-05
2016-03-03,0.00788050075378027,-0.027785125941765243,-0.023413884218576098,7.936507936507937e-05
2016-03-04,0.0039540129639896275,-0.020893170687042828,-0.011949595273162104,7.936507936507937e-05
2016-03-07,0.003532202132499575,-0.027821451150348862,-0.016471795698134242,7.936507936507937e-05
2016-03-08,-0.01574918292143087,0.048608038413619284,0.053739937900613016,7.936507936507937e-05
2016-03-09,0.005380886139595577,-0.0074819563976637,-0.012263579386302457,7.936507936507937e-05
2016-03-10,0.000848137637460527,0.0027162606548962014,0.0016264426495628708,7.936507936507937e-05
2016-03-11,0.020507690327228704,-0.018384440807196752,-0.0282581697868879,7.936507936507937e-05
2016-03-14,-0.00198679944008166,0.005028591606364345,0.00203682187526718,7.936507936507937e-05
2016-03-15,-0.005222519674062336,0.019136777901052993,0.018132001463839167,7.936507936507937e-05
2016-03-16,0.009001249196394416,-0.01751035108888805,-0.021701022400271927,7.936507936507937e-05
2016-03-17,0.008969153930773213,-0.019786430490633056,-0.005560680924292103,7.936507936507937e-05
2016-03-18,0.005339272265983846,-0.011430134657628122,-0.015594198074004301,7.936507936507937e-05
2016-03-21,-0.0003161856493365164,0.002416013758286564,0.00500400152752028,7.936507936507937e-05
2016-03-22,-0.0008268404507961222,0.00242951151914127,-0.0026034165610669775,7.936507936507937e-05
2016-03-23,-0.009866726738483508,0.037384298095334244,0.043426203230735066,7.936507936507937e-05
2016-03-24,-0.0009753279116316544,0.00023310151539199795,-0.003143329557117317,7.936507936507937e-05
2016-03-28,0.00179337557926241,0.004582643976318488,0.0062161046902552575,7.936507936507937e-05
2016-03-29,0.009962404336996867,0.0032738744539425654,0.0010180166250981799,7.936507936507937e-05
2016-03-30,0.003024866969551028,0.0008067970958158277,-0.0014544318100099738,7.936507936507937e-05
2016-03-31,0.00046150641049766297,-0.0069660552390916975,-0.007520729172283062,7.936507936507937e-05
2016-04-01,0.00485330880692976,0.01800880938403949,0.016881570999371747,7.936507936507937e-05
2016-04-04,-0.005825995583660271,0.011646640580798817,0.01042680912373389,7.936507936507937e-05
2016-04-05,-0.010786253674926716,0.006101921144521273,0.0002619433071984114,7.936507936507937e-05
2016-04-06,0.010618271219586028,-0.0012829869062109586,-0.019296369905421776,7.936507936507937e-05
2016-04-07,-0.01277326023967326,0.005394197652522239,0.0021988047714845043,7.936507936507937e-05
2016-04-08,0.004387088268934763,-0.01114779142188107,-0.012707704875751333,7.936507936507937e-05
2016-04-11,-0.0018286527599823974,-0.009806766789152354,-0.007323043650718505,7.936507936507937e-05
2016-04-12,0.010218298312796678,-0.026296246577124004,-0.025293780300780163,7.936507936507937e-05
2016-04-13,0.01224227930446036,-0.013374948164240015,-0.017847765576786155,7.936507936507937e-05
2016-04-14,-0.002444626325220313,0.00566987179982833,0.00924080368356029,7.936507936507937e-05
2016-04-15,0.0004888632984785857,0.008155389908936621,0.012962099840820626,7.936507936507937e-05
2016-04-18,0.006579505168185316,-0.0028717721261206485,-0.005792163653508141,7.936507936507937e-05
2016-04-19,0.0037867313697008413,-0.025352062252036175,-0.011969419823869691,7.936507936507937e-05
2016-04-20,0.0005276922398047511,-0.014084041814813594,-0.026000873373313853,7.936507936507937e-05
2016-04-21,-0.00626855471328821,-0.009865179267398716,-0.015718766346346568,7.936507936507937e-05
2016-04-22,0.004855510657159173,-0.020231661660792058,-0.007394701076088276,7.936507936507937e-05
2016-04-25,-0.0038702701805027923,0.015985110908030026,0.02005252233070732,7.936507936507937e-05
2016-04-26,0.005954338239263844,-0.01921599064783217,-0.020376899965242487,7.936507936507937e-05
2016-04-27,0.004965254424475415,-0.011128715858636977,-0.012264197053683996,7.936507936507937e-05
2016-04-28,-0.01179368544111407,0.007326578271685282,0.018876836970272152,7.936507936507937e-05
2016-04-29,-0.007025522667740499,0.010813179295407727,0.01196100069810218,7.936507936507937e-05
2016-05-02,0.008157326988697963,0.01903034267801905,0.010459420769898036,7.936507936507937e-05
2016-05-03,-0.010683407625436651,0.020420896361436704,0.020461868314492808,7.936507936507937e-05
2016-05-04,-0.006644629239794908,0.01781437216878773,0.015656846055067255,7.936507936507937e-05
2016-05-05,4.924981290612833e-05,-0.0009559769292660403,-0.0005801213574604619,7.936507936507937e-05
2016-05-06,0.0029453429312108165,0.014008160434972945,0.0073607580585316225,7.936507936507937e-05
2016-05-09,0.0004309133203527427,0.02036871060120337,0.016655443200478303,7.936507936507937e-05
2016-05-10,0.012116659394108314,-0.011012484984745023,-0.011995262057158562,7.936507936507937e-05
2016-05-11,-0.01037782954061671,-0.00034811978120793,-0.0005149870820751528,7.936507936507937e-05
2016-05-12,-0.0012554445641957575,0.01738830627369949,0.014479206433086155,7.936507936507937e-05
2016-05-13,-0.008434558518981599,0.010306454385795182,-0.002115667825882103,7.936507936507937e-05
2016-05-16,0.009523641955146427,-0.007415532515846961,-0.011810218398721182,7.936507936507937e-05
2016-05-17,-0.007408136783708414,-0.02607310966361122,-0.018947678153068886,7.936507936507937e-05
2016-05-18,-0.0013415076014392092,0.0005069117027223851,0.0021665508840444147,7.936507936507937e-05
2016-05-19,-0.0037995812614013296,-0.0017902003587615312,0.000564898337230783,7.936507936507937e-05
2016-05-20,0.008094484845801142,-0.01203076161891426,-0.010799484216891279,7.936507936507937e-05
2016-05-23,-0.0015585234361443234,-0.005257114864379175,-0.008592485465850421,7.936507936507937e-05
2016-05-24,0.013891870890864811,0.005933293759602021,0.0024722681443239917,7.936507936507937e-05
2016-05-25,0.00661826605010443,-0.02166497537829185,-0.01991603751254181,7.936507936507937e-05
2016-05-26,-0.0010019447497837878,0.009885060325364441,0.007788477707892347,7.936507936507937e-05
2016-05-27,0.005452566782785416,0.0017777806641660395,-0.003501463181616194,7.936507936507937e-05
2016-05-31,0.0007334715526740849,-0.009410676513881649,-0.007461511967135853,7.936507936507937e-05
2016-06-01,0.0017483386609090114,0.0012768372616723854,-0.004474931810274657,7.936507936507937e-05
2016-06-02,0.004216223945018531,-0.009580885518374643,-0.006235034468926413,7.936507936507937e-05
2016-06-03,-0.003669073227149014,0.007333502927793358,0.004682874750094815,7.936507936507937e-05
2016-06-06,0.005720752173392686,-0.02333509125841921,-0.020770173172821482,7.936507936507937e-05
2016-06-07,0.0031689401479300305,-0.005334024725469606,-0.008408115690359633,7.936507936507937e-05
2016-06-08,0.0036009794794177995,0.006110501469887009,0.008475877622900106,7.936507936507937e-05
2016-06-09,-0.00244812273332369,0.01569939189408326,0.01119687513725061,7.936507936507937e-05
2016-06-10,-0.01262195148766786,0.020234406214126758,0.02234272146411231,7.936507936507937e-05
2016-06-13,-0.008906380499946857,0.004373598664701388,0.0036974540284998676,7.936507936507937e-05
2016-06-14,-0.003545768824886564,0.008577108319995162,0.005703496432639966,7.936507936507937e-05
2016-06-15,0.0003600489050382494,-0.002998422208578637,-0.004233530121812161,7.936507936507937e-05
2016-06-16,0.0012306293654523277,0.006076016957153633,0.00824753997184851,7.936507936507937e-05
2016-06-17,0.0008677440398995024,-0.018189233383579737,-0.015209433412357934,7.936507936507937e-05
2016-06-20,0.007705955369294982,-0.0072319184464195874,-0.004343577266838784,7.936507936507937e-05
2016-06-21,0.0019151955666691254,0.002505498622228335,-0.00030804454495342217,7.936507936507937e-05
2016-06-22,-0.0016623162587992616,0.004319694974216866,0.0034630163714020083,7.936507936507937e-05
2016-06-23,0.014817322724241522,-0.018692569976170664,-0.013335032039114125,7.936507936507937e-05
2016-06-24,-0.04065947889739596,0.03478372456659744,0.027004764977059365,7.936507936507937e-05
2016-06-27,-0.02581891426830898,0.04041907760946051,0.035131246484918735,7.936507936507937e-05
2016-06-28,0.019733790613852022,-0.019044602291263597,-0.02109850049221007,7.936507936507937e-05
2016-06-29,0.01936054272342786,-0.012918082110740997,-0.01292726665666512,7.936507936507937e-05
2016-06-30,0.015621061177034821,0.005358172609731187,0.006394270745716772,7.936507936507937e-05
2016-07-01,0.0026121646343528295,-0.005043448895186471,-0.012817391736299463,7.936507936507937e-05
2016-07-05,-0.011664751798357555,0.032115738027418024,0.031082519235863155,7.936507936507937e-05
2016-07-06,0.005768522847089582,-0.00432011696096268,-0.006675606065035486,7.936507936507937e-05
2016-07-07,0.0003072938625908493,-0.008217630041539787,-0.01127214574279161,7.936507936507937e-05
2016-07-08,0.01840979743281108,-0.010574511812699184,-0.012916734044911409,7.936507936507937e-05
2016-07-11,0.004079060551673717,-0.004347305093543972,-0.002451747795907631,7.936507936507937e-05
2016-07-12,0.010789339785314305,-0.03214472695428655,-0.043898639000134486,7.936507936507937e-05
2016-07-13,-0.000462968662677254,0.008507409524201356,0.011343402124484366,7.936507936507937e-05
2016-07-14,0.00435919746195947,-0.009773446350500828,-0.008148439842225443,7.936507936507937e-05
2016-07-15,-0.001134279306909894,-0.003767673784339176,-0.001053151041385313,7.936507936507937e-05
2016-07-18,0.001999119929473362,-0.007348253960647349,-0.007573798324632423,7.936507936507937e-05
2016-07-19,-0.002593953346510742,0.009852784951690442,0.01457115341646585,7.936507936507937e-05
2016-07-20,0.004556923571322505,-0.00891461613321752,-0.00916864014717936,7.936507936507937e-05
2016-07-21,-0.0034230464514259243,-0.007238945932766199,-0.001929944646676217,7.936507936507937e-05
2016-07-22,0.006243817367776633,0.006771949888308829,0.0015553003639645962,7.936507936507937e-05
2016-07-25,-0.001986667521839388,0.0013296465544767465,0.0006796403910166765,7.936507936507937e-05
2016-07-26,0.004116174302189929,-0.008104603858266066,-0.018180208220021907,7.936507936507937e-05
2016-07-27,-0.005085181395598796,0.002237983803273464,0.002698861356585794,7.936507936507937e-05
2016-07-28,0.002826762243250589,0.007397165737284805,0.004486087613207278,7.936507936507937e-05
2016-07-29,0.0013180928706677877,0.0008059984969175949,0.002568816370147792,7.936507936507937e-05
2016-08-01,-0.0038190701942591525,0.008269003827880088,0.0140424184098484,7.936507936507937e-05
2016-08-02,-0.009647768548305239,0.013866023160762454,0.010602163188511116,7.936507936507937e-05
2016-08-03,0.005776122521891132,-0.02012487453666975,-0.021454357182857958,7.936507936507937e-05
2016-08-04,-0.0006071016303769043,0.009059471306964568,0.001557748320050883,7.936507936507937e-05
2016-08-05,0.009150016661198317,-0.022327982232095017,-0.023136529015470385,7.936507936507937e-05
2016-08-08,-0.0005238751737052139,-0.0067539902720193945,-0.010190141125653189,7.936507936507937e-05
2016-08-09,-0.0011753488569961647,0.01362073044939872,0.009387940838656477,7.936507936507937e-05
2016-08-10,-0.0026891982970593652,0.005057251926760413,0.012982588932682287,7.936507936507937e-05
2016-08-11,0.006695031335470433,-0.02256308582572731,-0.018505709743236173,7.936507936507937e-05
2016-08-12,-0.0010310407597490193,0.0018070353716271217,-0.00196872875596908,7.936507936507937e-05
2016-08-15,0.004650300582834512,-0.015181620724251802,-0.020707851644984527,7.936507936507937e-05
2016-08-16,-0.006611278874904837,-0.013250837228083703,-0.00942257327446618,7.936507936507937e-05
2016-08-17,0.0010556887324269584,0.005070823641234627,0.00953419530390795,7.936507936507937e-05
2016-08-18,0.00488649741388013,-0.001815732785076617,-0.010010077458073141,7.936507936507937e-05
2016-08-19,0.00014011821580309079,0.0020451293165297015,-0.009679813201224826,7.936507936507937e-05
2016-08-22,-0.0003110616243688213,0.005215869889065949,0.005432615651282575,7.936507936507937e-05
2016-08-23,0.0032484429128537004,-0.01490492584085477,-0.016234294294882122,7.936507936507937e-05
2016-08-24,-0.006736673945851048,0.0045753043057209725,0.01359106549629594,7.936507936507937e-05
2016-08-25,-0.00037332917606141994,0.0011477452340288609,-0.0008347600987068185,7.936507936507937e-05
2016-08-26,-0.0026885437395664236,-0.008667795256755319,-0.01019695785924425,7.936507936507937e-05
2016-08-29,0.005743235051789906,0.0031442279872166976,0.000509883751009914,7.936507936507937e-05
2016-08-30,-0.002109673440699861,-0.012230165432580393,-0.006604813799299565,7.936507936507937e-05
2016-08-31,-0.0035387249743211576,0.007887329733518422,0.009295559386936084,7.936507936507937e-05
2016-09-01,-0.000705177242407655,0.006216946798453506,0.00043787267073875605,7.936507936507937e-05
2016-09-02,0.005400538342158608,0.0036831291933726185,-0.0008474903291165511,7.936507936507937e-05
2016-09-06,0.0008719123981010511,0.0028311112588845595,0.005254008977314199,7.936507936507937e-05
2016-09-07,0.0019491017848832343,-0.014837939153832132,-0.011647056289646109,7.936507936507937e-05
2016-09-08,-0.0028203980986613295,-0.013329169247733176,-0.006863927261464412,7.936507936507937e-05
2016-09-09,-0.02717833081368036,-0.007176054516471252,0.0003037189857911897,7.936507936507937e-05
2016-09-12,0.015373266238882171,-0.004569845028107991,-0.005160645326096898,7.936507936507937e-05
2016-09-13,-0.01704562106476279,0.001784956977894936,0.00861759419416582,7.936507936507937e-05
2016-09-14,-0.0018527441651030431,0.0057550116814846656,0.0035015048653585837,7.936507936507937e-05
2016-09-15,0.009680032793572536,-0.0009145580662292124,-0.006044024708066902,7.936507936507937e-05
2016-09-16,-0.004224393328546359,0.0007684956998192008,0.001596549743281164,7.936507936507937e-05
2016-09-19,0.002333381625240568,0.009756944016865863,0.005254414412181413,7.936507936507937e-05
2016-09-20,-0.0018547381186183008,0.001244977605274446,0.006262735860874465,7.936507936507937e-05
2016-09-21,0.013156511100707055,0.0013991270312311704,-0.006494301685989358,7.936507936507937e-05
2016-09-22,0.007658577697171418,-0.0012434694470028363,0.0004034615494844431,7.936507936507937e-05
2016-09-23,-0.005498712749167579,0.0007056942648659588,0.004083113882016815,7.936507936507937e-05
2016-09-26,-0.007392838556383353,0.007817640313326876,0.006414500965786218,7.936507936507937e-05
2016-09-27,0.004843859624534797,-0.0027699621147287616,-0.0028087323815990254,7.936507936507937e-05
2016-09-28,0.006744134423742574,-0.0051166254952562575,-0.014008771782487547,7.936507936507937e-05
2016-09-29,-0.009281838436209526,-0.0006567159443031951,-0.0015423987531622907,7.936507936507937e-05
2016-09-30,0.008312608000715347,-0.011949067011964184,-0.012541753013758131,7.936507936507937e-05
2016-10-03,-0.004087570107462316,-0.005044707948202367,-0.007067152431826561,7.936507936507937e-05
2016-10-04,-0.0061904336857773355,-0.008973806609835586,0.0005437865973586531,7.936507936507937e-05
2016-10-05,0.004646452936654484,-0.006535550303873382,-0.01124942891540567,7.936507936507937e-05
2016-10-06,0.00044397980779344124,0.010323085876408972,0.002029366192155435,7.936507936507937e-05
2016-10-07,-0.00530528215234628,-0.002071208110211475,0.00354627270927276,7.936507936507937e-05
2016-10-10,0.004605427881788127,-0.0013028344124640977,-0.004596451077893757,7.936507936507937e-05
2016-10-11,-0.01464907050915102,-0.002049374624020703,0.006685823551030685,7.936507936507937e-05
2016-10-12,0.001736576560772873,0.005437013299924018,0.006722527059340162,7.936507936507937e-05
2016-10-13,-0.003210877773166609,0.00019763542533662165,-0.0005365189203899723,7.936507936507937e-05
2016-10-14,-0.0006393566998337627,0.004143454445671744,0.010710839966243483,7.936507936507937e-05
2016-10-17,-0.0032488369339684475,0.006450365659779321,0.006267335564522306,7.936507936507937e-05
2016-10-18,0.007178525299075219,-0.0038468812822191507,-0.013267456488434658,7.936507936507937e-05
2016-10-19,0.004080468936562786,-0.007116255149696375,-0.010160282291588538,7.936507936507937e-05
2016-10-20,-0.001491240104370948,-0.0044726349374509256,-0.010822305981059982,7.936507936507937e-05
2016-10-21,-0.0014608937245052618,-0.00482098853164983,0.004700755917632959,7.936507936507937e-05
2016-10-24,0.0035695369178775907,0.008913585739034398,0.0041186115867344174,7.936507936507937e-05
2016-10-25,-0.006754193768303171,0.000784613192047862,-0.0007433303906479848,7.936507936507937e-05
2016-10-26,-0.001374787283865469,-0.017199271569395956,0.002585662649737758,7.936507936507937e-05
2016-10-27,-0.006239088912539554,-0.003919117902957812,0.002772029801598859,7.936507936507937e-05
2016-10-28,0.0001552426727017875,0.0010612343123419569,0.004318829314644715,7.936507936507937e-05
2016-10-31,0.0023406705467784307,0.006489696720098453,0.0029858583304979668,7.936507936507937e-05
2016-11-01,-0.009509005439378397,-0.0103110464504075,0.010483989470366446,7.936507936507937e-05
2016-11-02,-0.007310133813713003,-0.004123700168344408,0.01023793910246499,7.936507936507937e-05
2016-11-03,-0.0026837885595295684,-0.000772776528562673,0.005011012096424253,7.936507936507937e-05
2016-11-04,0.00020704952350899982,-0.001934768807843432,-0.004574106019629997,7.936507936507937e-05
2016-11-07,0.021666527987103657,0.0013502546461676979,-0.002225595516147722,7.936507936507937e-05
2016-11-08,0.0035363428120485495,0.005054038082928846,0.0062803254388369666,7.936507936507937e-05
2016-11-09,0.011987317272620614,-0.02230564422149018,-0.014153661423976793,7.936507936507937e-05
2016-11-10,0.004973642058126558,-0.028856584832258305,-0.005156678257512445,7.936507936507937e-05
2016-11-11,-0.0001684489785562124,0.0014169055377550464,0.007431305138273673,7.936507936507937e-05
2016-11-14,0.006713700016268057,-0.014665091071858271,-0.016389444132539722,7.936507936507937e-05
2016-11-15,0.007027784586699647,0.018341848885476048,-0.00939081862329733,7.936507936507937e-05
2016-11-16,-0.003143324820583453,0.009465254715056534,0.002782482823769225,7.936507936507937e-05
2016-11-17,0.005586404934142983,-0.003338049546068444,-0.0059542416562431335,7.936507936507937e-05
2016-11-18,-0.0028426935238519417,0.007744970393389075,0.003480006172929381,7.936507936507937e-05
2016-11-21,0.007639466750584149,0.0006916829949310081,-0.011648520021448682,7.936507936507937e-05
2016-11-22,0.0029750345299508173,0.0007684148745563555,0.005163877321284622,7.936507936507937e-05
2016-11-23,0.0023478079950997087,0.0003602805594847868,-0.007622361459960157,7.936507936507937e-05
2016-11-25,0.0036756876137832234,0.0025901009079477193,0.006300716857393708,7.936507936507937e-05
2016-11-28,-0.005994193754608654,0.0033594255431622384,0.0006201284109821981,7.936507936507937e-05
2016-11-29,0.0010142615830581385,0.006764064703050845,0.008191230506617358,7.936507936507937e-05
2016-11-30,-0.0018127810480245785,-0.004612427793948841,-0.023033381826039354,7.936507936507937e-05
2016-12-01,-0.005112297933413281,-0.01608827067179436,0.005265647980611502,7.936507936507937e-05
2016-12-02,0.0013611558906310149,0.00897404222000481,-0.005829441888396035,7.936507936507937e-05
2016-12-05,0.007487401794369599,-0.0024966720305351874,-0.01071223879410383,7.936507936507937e-05
2016-12-06,0.00454568926299089,-0.0005701843744550027,-0.005185974877340397,7.936507936507937e-05
2016-12-07,0.013804937821515309,0.0027540798184192243,0.00695014413441388,7.936507936507937e-05
2016-12-08,0.004280561003057759,-0.005005154869813782,-0.008257367674315234,7.936507936507937e-05
2016-12-09,0.0025022977213863574,-0.006027157750749505,-0.0012253187012341788,7.936507936507937e-05
2016-12-12,-0.003960973846333156,0.007908032605671888,0.01309014229948109,7.936507936507937e-05
2016-12-13,0.00400511924064893,0.003710997514354113,-0.0012835809596424066,7.936507936507937e-05
2016-12-14,-0.01064217703753734,0.0016214756413026454,0.006680053042750435,7.936507936507937e-05
2016-12-15,0.0031020014167837027,0.0021527097429006785,-0.003606552132697136,7.936507936507937e-05
2016-12-16,-0.002553846411792812,-0.0009185969677182459,0.005603098429173982,7.936507936507937e-05
2016-12-19,0.0012920845088691601,0.00885371521738669,0.005926359397054618,7.936507936507937e-05
2016-12-20,0.0038900576146016106,0.0008773485378019696,-0.0026163772788404807,7.936507936507937e-05
2016-12-21,-0.002334362411684485,-8.301043420845707e-05,-0.0006548553834431225,7.936507936507937e-05
2016-12-22,-0.0037596647719040166,0.0005775015643430768,0.0007951414598502001,7.936507936507937e-05
2016-12-23,0.0018906717518825463,-0.002373826534403691,-0.006193753232930855,7.936507936507937e-05
2016-12-27,0.0029742637257786863,-0.00012580093535881527,-0.006499282255939849,7.936507936507937e-05
2016-12-28,-0.01042424427789906,-0.003304190697530013,0.007586319901437735,7.936507936507937e-05
2016-12-29,0.0005085896037903616,0.005460395760453429,0.0018408565550669116,7.936507936507937e-05
2016-12-30,-0.003945440565237338,-0.004019259987361896,0.00453600819567729,7.936507936507937e-05
2017-01-03,0.007870146278043067,-0.006198251831474575,-0.007984660887640493,7.936507936507937e-05
2017-01-04,0.010176406749854545,-0.0028504687067429438,-0.015622611017059196,7.936507936507937e-05
2017-01-05,-0.0032897294109280203,0.0002727774276328687,-0.0009467179393690729,7.936507936507937e-05
2017-01-06,0.0029949654223907253,-0.004152291274257685,0.0009613825084218044,7.936507936507937e-05
2017-01-09,-0.005474736777408718,-0.007155789657673391,-0.0067524331637472635,7.936507936507937e-05
2017-01-10,0.001383840620431245,0.0011908343756760458,-0.012032556452354189,7.936507936507937e-05
2017-01-11,0.002743053561357245,0.013996001494642439,0.005940883039847241,7.936507936507937e-05
2017-01-12,-0.001976074183442273,-0.006696030353284261,0.00030504352474605635,7.936507936507937e-05
2017-01-13,0.002087792586354615,0.0021496817634349607,-0.0004948291664619818,7.936507936507937e-05
2017-01-17,-0.0025367507243265227,-0.009261716179641923,0.005231846382835831,7.936507936507937e-05
2017-01-18,0.002747818519993276,0.00467153042296095,0.0003172717106870791,7.936507936507937e-05
2017-01-19,-0.004944466905747721,0.007992039516227472,0.0006537250837670636,7.936507936507937e-05
2017-01-20,0.0038824063435215625,0.00413956838954924,-0.0002787503132615724,7.936507936507937e-05
2017-01-23,-0.0026715153383580943,3.855949184173408e-05,-0.002062260405470787,7.936507936507937e-05
2017-01-24,0.009869344320950482,0.013578915346222006,-0.00533238351659982,7.936507936507937e-05
2017-01-25,0.0072672286495362405,-0.0007773885959844167,-0.001209011027282993,7.936507936507937e-05
2017-01-26,-0.0027821294142871206,0.00751150486767147,0.0028848742686057357,7.936507936507937e-05
2017-01-27,-0.002514023501441166,0.0016803450504812158,-0.004024197212211947,7.936507936507937e-05
2017-01-30,-0.006144360226087731,-0.012718317983702649,0.008057308451912779,7.936507936507937e-05
2017-01-31,0.0005615853726115718,0.0013084430559695904,-0.0038410278199688106,7.936507936507937e-05
2017-02-01,-0.0021378881667806367,0.008892119482646477,-0.004595588825240967,7.936507936507937e-05
2017-02-02,0.0015535771758142737,0.001829188278602396,0.003921558811952569,7.936507936507937e-05
2017-02-03,0.007485733859804705,0.015489270855735659,-0.0014258529587989049,7.936507936507937e-05
2017-02-06,-0.002566413834670278,-0.0035284886489599953,0.00015128848629591615,7.936507936507937e-05
2017-02-07,-0.0012091070467659185,-0.0035104733635246905,0.007061894252652551,7.936507936507937e-05
2017-02-08,0.0022844551522439487,-0.011089550791219024,-0.004981153934118243,7.936507936507937e-05
2017-02-09,0.007277264848432014,0.0001299235336162871,-0.003272914223773275,7.936507936507937e-05
2017-02-10,0.004886410977775454,0.0009112829613592013,0.0005240958178446072,7.936507936507937e-05
2017-02-13,0.004065399636051277,0.004312750701711843,0.00516470665669528,7.936507936507937e-05
2017-02-14,0.0026035206809468746,-0.0013800833052786078,-0.006831024270268722,7.936507936507937e-05
2017-02-15,0.004459066603734483,-0.007115591238436521,0.006620998782747816,7.936507936507937e-05
2017-02-16,-0.0023391932254951757,0.0022175529948147794,0.01857671685555591,7.936507936507937e-05
2017-02-17,0.0019187577167717592,-0.009658128955471294,-0.00027824948472118414,7.936507936507937e-05
2017-02-21,0.0069331298453592085,0.002921440650701727,-0.0017384880521138695,7.936507936507937e-05
2017-02-22,-0.0028179133008218297,-0.004549875780112366,0.008418422776596603,7.936507936507937e-05
2017-02-23,-0.0019830891516988093,0.003205131260248433,0.01425146186006976,7.936507936507937e-05
2017-02-24,0.002984481980442599,-0.009581681101479727,0.00332489039816326,7.936507936507937e-05
2017-02-27,0.0018589124748616694,0.0037822939118523084,-0.010167960074859185,7.936507936507937e-05
2017-02-28,-0.004708311707585649,0.009119204074404004,0.009636613586392943,7.936507936507937e-05
2017-03-01,0.012203256604379677,0.02265325440489291,-0.0010749360456232537,7.936507936507937e-05
2017-03-02,-0.006933986946813734,-0.01704747729973114,0.004401999148782252,7.936507936507937e-05
2017-03-03,-0.0004285421009512265,0.010244250797585789,0.002692257930357318,7.936507936507937e-05
2017-03-06,-0.00466661849665253,0.0040643297687632945,0.0018555301054167615,7.936507936507937e-05
2017-03-07,-0.004391265707609762,0.004741895009397096,0.009404331306754955,7.936507936507937e-05
2017-03-08,-0.002654729774121769,-0.017823218579906895,-0.0019899446129591977,7.936507936507937e-05
2017-03-09,-0.0009068224085878599,0.005498616428517686,-0.0005787444685483719,7.936507936507937e-05
2017-03-10,0.0037180762557744358,0.0005234021029249785,-0.0022199937037890322,7.936507936507937e-05
2017-03-13,0.0014894978968899527,0.009324441573093083,-0.0004172887151174605,7.936507936507937e-05
2017-03-14,-0.00439733475948593,-0.005386766475249816,0.006228725367168302,7.936507936507937e-05
2017-03-15,0.0109225815293221,-0.0004882306161733928,-0.0050343671202664276,7.936507936507937e-05
2017-03-16,-0.0024077569512710143,-0.0013436212215785749,-0.0029170443484767745,7.936507936507937e-05
2017-03-17,1.5959265849708242e-05,-0.002369448444775002,0.0038071114294486574,7.936507936507937e-05
2017-03-20,-0.003073809462661234,0.005443466131151864,-0.002018780159440819,7.936507936507937e-05
2017-03-21,-0.013444758550549118,-0.018206782017771612,0.014490125521722835,7.936507936507937e-05
2017-03-22,0.002363359295591847,0.008040512136331123,-0.001339422704359143,7.936507936507937e-05
2017-03-23,0.00020063309079946948,-0.0013545920083330154,-0.004556237117613182,7.936507936507937e-05
2017-03-24,-0.00041252264640125155,-0.0007747240208202498,-0.006140489674775184,7.936507936507937e-05
2017-03-27,-0.0012364929199233563,-0.006080130802097589,-0.003711771569429111,7.936507936507937e-05
2017-03-28,0.008125990993382426,0.006896444194391048,-0.006570368175848476,7.936507936507937e-05
2017-03-29,0.0024781122272672356,0.00018433215148152757,-0.015045180718984563,7.936507936507937e-05
2017-03-30,0.0021850259537703064,0.012634367589667803,0.00401708809190407,7.936507936507937e-05
2017-03-31,-0.0008628577844266008,0.000814867963204069,0.0006480283676149057,7.936507936507937e-05
2017-04-03,-0.004437660236333827,0.0029908357937038456,0.008201963702359556,7.936507936507937e-05
2017-04-04,-0.001356229668080531,0.007364843633967206,0.006623474589313099,7.936507936507937e-05
2017-04-05,-0.003222948462823328,-0.009324442208353843,0.003397737511458627,7.936507936507937e-05
2017-04-06,0.005142019417471919,-0.0014850523665862255,-0.011579976649250508,7.936507936507937e-05
2017-04-07,-0.0012400486026415839,0.00295189791740827,0.0003800880548092711,7.936507936507937e-05
2017-04-10,0.0019537361718362984,-0.010755437407455153,-0.001761527208380449,7.936507936507937e-05
2017-04-11,9.557781097771032e-05,-0.001173969199992211,0.0003847893305678851,7.936507936507937e-05
2017-04-12,-0.0061153505583629785,-0.009504139969992439,0.00764277929962647,7.936507936507937e-05
2017-04-13,-0.006868357041887676,-0.007289634210912197,0.004088942131219765,7.936507936507937e-05
2017-04-17,0.008494047024483213,0.006244321238063096,0.003972866615547397,7.936507936507937e-05
2017-04-18,-0.0030446584594168943,-0.004526148868854341,0.0034515514802095806,7.936507936507937e-05
2017-04-19,0.00013087697198195349,-0.0019748932980400437,0.0005568961006415019,7.936507936507937e-05
2017-04-20,0.008246554971537505,0.005038986551153464,-0.003161145917330083,7.936507936507937e-05
2017-04-21,-0.003411486065001208,0.002934013911590945,0.010661947848557157,7.936507936507937e-05
2017-04-24,0.009719075029094184,0.016160342448760696,0.0010444111808078204,7.936507936507937e-05
2017-04-25,0.005411858903401207,0.0034338799783656783,-0.005835431694777265,7.936507936507937e-05
2017-04-26,0.00031134977351662206,-0.008675776497645353,-0.0012026198185208358,7.936507936507937e-05
2017-04-27,0.00015220059276115533,-0.005646510933383848,-0.0010602447665761837,7.936507936507937e-05
2017-04-28,-0.004694677585485994,0.0017806039528091991,0.005059169216299389,7.936507936507937e-05
2017-05-01,-0.00037163398137242404,0.009389882091859763,0.002049759840797971,7.936507936507937e-05
2017-05-02,0.0013476223202992916,-0.010465297165081856,0.0025864058376629927,7.936507936507937e-05
2017-05-03,-0.0037019067955651494,0.00809104645553614,0.007522070668223586,7.936507936507937e-05
2017-05-04,0.0008147859058474306,0.0027721854074362743,0.011616105896669934,7.936507936507937e-05
2017-05-05,0.006146150493981783,-0.004871691473156327,-0.012149493679632358,7.936507936507937e-05
2017-05-08,-0.0022416870698236673,0.0019742593112705474,-0.0007309253627514869,7.936507936507937e-05
2017-05-09,-0.00029630574422475655,-0.0018359592076129918,-0.006242229518965071,7.936507936507937e-05
2017-05-10,0.0031015147378022205,0.006952785014747045,-0.016231867729493553,7.936507936507937e-05
2017-05-11,-0.004388903604095781,0.010324169227605137,0.014285550024159814,7.936507936507937e-05
2017-05-12,-0.004606456840914085,0.00973719749983146,0.009210052685227673,7.936507936507937e-05
2017-05-15,0.00597022958467976,0.010152220956789883,-0.0013974484853223525,7.936507936507937e-05
2017-05-16,-0.002730294649065078,0.021008186474457936,0.0035626700212558118,7.936507936507937e-05
2017-05-17,-0.016103132982599747,-0.03143874519905172,0.010264592335658424,7.936507936507937e-05
2017-05-18,0.0027220987650623443,0.008029122608684238,0.0017610001687154609,7.936507936507937e-05
2017-05-19,0.007945568568999065,0.0005332861979787575,-0.010667549464768424,7.936507936507937e-05
2017-05-22,0.005576222720387549,0.005166300871228338,0.0024539357754719826,7.936507936507937e-05
2017-05-23,6.934184936658745e-06,0.008438993337764876,0.002479299874161973,7.936507936507937e-05
2017-05-24,0.0017447648124249604,0.004975346292501952,0.003746844658423465,7.936507936507937e-05
2017-05-25,0.004083682270798943,0.015319499615820699,0.015031594036737626,7.936507936507937e-05
2017-05-26,-0.0002493237643281131,-0.00025864070639302315,-0.0025836726820753285,7.936507936507937e-05
2017-05-30,-0.0021196869709039718,0.004912907338068537,0.0071831383027156775,7.936507936507937e-05
2017-05-31,0.0005946754698492999,0.0008012173451903149,0.006652072170978384,7.936507936507937e-05
2017-06-01,0.010614377127150593,-0.0085577067441692,-0.007990533236964328,7.936507936507937e-05
2017-06-02,0.0013249301740745631,0.006062346591709467,0.008058799980914244,7.936507936507937e-05
2017-06-05,-0.0027588496877737198,-0.0008027141027971679,0.0012231177893839873,7.936507936507937e-05
2017-06-06,-0.004007019078553533,-0.0009609970934774115,-0.0007963443528376411,7.936507936507937e-05
2017-06-07,0.0005745546000829921,0.005631118148808674,0.00631881739503584,7.936507936507937e-05
2017-06-08,0.0008144619592451667,0.010679697050501528,-0.011344529705533776,7.936507936507937e-05
2017-06-09,0.004014824806109732,-0.02680194946834915,-0.006296162070680272,7.936507936507937e-05
2017-06-12,0.0012612614449046254,-0.015339058108870977,-0.0059168771979470946,7.936507936507937e-05
2017-06-13,0.005243909161974276,0.00486935744346933,-0.004452991201637696,7.936507936507937e-05
2017-06-14,-0.002195064689152419,-0.007699938694905841,0.009552534418309382,7.936507936507937e-05
2017-06-15,-0.0020395613758603394,0.005074212634347841,0.011682586120359554,7.936507936507937e-05
2017-06-16,-0.00039519447767654635,0.006716200916050086,0.003991135216337262,7.936507936507937e-05
2017-06-19,0.006539018686307101,0.016801729284200994,-0.004805315834595136,7.936507936507937e-05
2017-06-20,-0.008526844217484023,-0.0007777277574423438,0.011494776188644624,7.936507936507937e-05
2017-06-21,-0.0027644895190515445,0.008024043615178467,-0.0026973104071580044,7.936507936507937e-05
2017-06-22,0.00020340286033422914,-0.008712843215326376,-0.011873520625557753,7.936507936507937e-05
2017-06-23,0.0028201523669927693,-0.006442698902018479,-0.007727290828598951,7.936507936507937e-05
2017-06-26,0.0028489887331250834,-0.00914377966004485,-0.0030282783868465168,7.936507936507937e-05
2017-06-27,-0.006974838992862219,-0.008646990775777644,0.0015884968596638046,7.936507936507937e-05
2017-06-28,0.0077833388047945625,0.007445226472815971,-0.0084041021893302,7.936507936507937e-05
2017-06-29,-0.007513291077780793,-0.011114387581171436,-0.00627383553820849,7.936507936507937e-05
2017-06-30,0.0027573443472079222,-0.0026982225309146665,-0.001283265514001801,7.936507936507937e-05
2017-07-03,0.0041079646693035635,-0.012858536409235649,-0.009746903343390149,7.936507936507937e-05
2017-07-05,-0.0025059044115205644,0.0330816229362842,0.007825738451077724,7.936507936507937e-05
2017-07-06,-0.011288392698808816,0.016446068166817353,0.01794356170442115,7.936507936507937e-05
2017-07-07,0.006609923837688822,0.01210742526694557,0.002329782684033641,7.936507936507937e-05
2017-07-10,4.684737133826429e-05,0.00958093268424927,-0.0047726245575484445,7.936507936507937e-05
2017-07-11,-0.0011399806999079004,0.0025318619226014595,-0.005371408091691858,7.936507936507937e-05
2017-07-12,0.007202183983932096,0.00896815183580576,-0.002925302201388134,7.936507936507937e-05
2017-07-13,0.0024445961277764,-0.008920769907745141,-0.010254161666342784,7.936507936507937e-05
2017-07-14,0.00473439892780752,-0.0015073352465970148,-0.005207067029285002,7.936507936507937e-05
2017-07-17,0.0011895035713782556,-0.0029700743777098457,0.0015228882432560843,7.936507936507937e-05
2017-07-18,-0.002493033476350793,0.00761194098663214,0.006006117980682766,7.936507936507937e-05
2017-07-19,0.00671907121964378,-0.009716034587443573,-0.010823869183922918,7.936507936507937e-05
2017-07-20,-0.001231198030332799,-0.0017596515178613424,0.0027203248004480703,7.936507936507937e-05
2017-07-21,0.0007703287151460401,-0.0009448654429244651,0.005320683569226601,7.936507936507937e-05
2017-07-24,-0.0017985639369540187,0.010403272382583848,-0.0007033035440076208,7.936507936507937e-05
2017-07-25,0.0043037260836040776,-0.017670082034823217,-0.015399094300453615,7.936507936507937e-05
2017-07-26,-0.0017842717051599227,0.0038794693820067795,0.00835145177791266,7.936507936507937e-05
2017-07-27,-0.0009715263404363008,-0.019394424271028637,-0.0037830266488577038,7.936507936507937e-05
2017-07-28,-0.0010907560792978426,0.0029543383761765594,0.0032117246053579352,7.936507936507937e-05
2017-07-31,-0.0008576312606372524,-0.00478296377121485,0.0058379019976871425,7.936507936507937e-05
2017-08-01,0.0003649776427892918,0.013781267710270335,0.015129780983077868,7.936507936507937e-05
2017-08-02,-0.0023252698673906645,0.001169257656801253,0.006671313462144325,7.936507936507937e-05
2017-08-03,-0.0026373390444330786,0.007236894074480481,0.0063193150338248325,7.936507936507937e-05
2017-08-04,0.001431546003237898,3.078399127023554e-05,-0.009051020925927147,7.936507936507937e-05
2017-08-07,0.000628281154766537,0.0032047090419068947,-0.0005306745238131438,7.936507936507937e-05
2017-08-08,-0.0029207409411888185,-0.005706630923904248,-0.00017285448330945917,7.936507936507937e-05
2017-08-09,-0.0017495981840382042,-0.003757755538016167,0.005712978917258629,7.936507936507937e-05
2017-08-10,-0.014912275944753223,-0.008908391749802735,0.022744373624868357,7.936507936507937e-05
2017-08-11,0.0004968866412239502,0.0011766482750065865,-0.005349587830922309,7.936507936507937e-05
2017-08-14,0.009106705843490109,0.012314397397166759,0.0015326015772585853,7.936507936507937e-05
2017-08-15,-0.0024746179784776775,0.01777006912701395,0.015459154679227002,7.936507936507937e-05
2017-08-16,0.0023651787386187507,-0.0024635919822778465,0.0007768376607925399,7.936507936507937e-05
2017-08-17,-0.01541960474501034,-0.012432240840951543,0.007850507660418244,7.936507936507937e-05
2017-08-18,-0.002338433585014472,0.013221413356850911,0.008621734171945422,7.936507936507937e-05
2017-08-21,0.000430315322290056,-0.0033701492608251577,0.007199988093550935,7.936507936507937e-05
2017-08-22,0.009287323115142994,0.008679175763610866,-0.009589580353972366,7.936507936507937e-05
2017-08-23,-0.0032075294876448626,-0.004598535971964233,-0.002450287889405993,7.936507936507937e-05
2017-08-24,-0.0012812005372193663,-3.4580448917529436e-05,-0.0073857494093718355,7.936507936507937e-05
2017-08-25,0.0034862422299677238,-0.007147608316001412,-0.002658713825641343,7.936507936507937e-05
2017-08-28,-0.0012981429060431216,0.004795375352341706,0.003908888693082216,7.936507936507937e-05
2017-08-29,-0.0010573322370455883,-0.001210654555679356,0.005866721164079931,7.936507936507937e-05
2017-08-30,0.004372630089799833,0.006494289124367544,-0.005656128571371275,7.936507936507937e-05
2017-08-31,0.005416105264065603,0.0021891025952145912,-0.002280995564974895,7.936507936507937e-05
2017-09-01,0.0032810020773263687,-0.004764538660139089,-0.008216271490850375,7.936507936507937e-05
2017-09-05,-0.007281666339727,-0.014980160817346669,0.0026890865907850123,7.936507936507937e-05
2017-09-06,0.0035365897901827236,-0.007981811109846882,-0.013066147384683086,7.936507936507937e-05
2017-09-07,-0.0011734554327565046,-0.002342728573428183,0.0023071922976225425,7.936507936507937e-05
2017-09-08,0.0006046310603078519,0.01071596942948557,0.01922951637466892,7.936507936507937e-05
2017-09-11,0.010471966460988337,0.006678805696803104,-0.00015394194765848586,7.936507936507937e-05
2017-09-12,0.0037720433742277596,-0.0034803107599816734,-0.016158132221771756,7.936507936507937e-05
2017-09-13,0.000367522134032977,-0.011751143859196223,-0.014961619686753216,7.936507936507937e-05
2017-09-14,0.002359102732882898,-0.010039087534317367,-0.0031332543849768397,7.936507936507937e-05
2017-09-15,-0.001015704497263254,0.007026442975993228,0.0005455961038666546,7.936507936507937e-05
2017-09-18,0.000973867815635451,0.014250016846607974,-0.0027368206429936163,7.936507936507937e-05
2017-09-19,-0.0014499631291569849,0.014559082528180856,0.005357491935897629,7.936507936507937e-05
2017-09-20,0.0014218616210659022,-0.0009168533720153292,-0.0026952247096678605,7.936507936507937e-05
2017-09-21,-0.002226570420692139,0.0008801328975794598,0.0004447037307426481,7.936507936507937e-05
2017-09-22,0.0020045822755291823,-0.006186702076327861,-0.00904291717247022,7.936507936507937e-05
2017-09-25,0.0011122849488434585,-0.027192553847808276,-1.3049668052966899e-05,7.936507936507937e-05
2017-09-26,0.0007064444779783768,-0.001669987508260795,-0.003750988356969984,7.936507936507937e-05
2017-09-27,0.003735623401542216,0.012003318911618911,-0.0175322153952935,7.936507936507937e-05
2017-09-28,0.0005313652367086034,0.006084737575508108,0.006290224845257187,7.936507936507937e-05
2017-09-29,0.0034963368587573444,0.00875343636014387,-0.0008976907866963811,7.936507936507937e-05
2017-10-02,0.003973964003923624,0.0002026227959438119,-0.0014404708720259073,7.936507936507937e-05
2017-10-03,0.0015219283019236069,0.001879814152319761,-0.0015049659528368052,7.936507936507937e-05
2017-10-04,0.002621085426236186,0.0004316152582756884,0.0032570134491711066,7.936507936507937e-05
2017-10-05,0.0034162946774852184,0.0038967007559876877,0.0006586566541101169,7.936507936507937e-05
2017-10-06,-0.002092798246498412,0.008387606998595303,0.004572956158366079,7.936507936507937e-05
2017-10-09,-0.0036437675960222364,0.009229263755150673,0.004126189625241303,7.936507936507937e-05
2017-10-10,0.0023664177752813664,0.001347335043142137,0.004302536925434601,7.936507936507937e-05
2017-10-11,0.00011824282230426519,0.004680874148687742,0.011231671381207155,7.936507936507937e-05
2017-10-12,-5.261875436688468e-05,0.005028343684534344,0.010124989451433237,7.936507936507937e-05
2017-10-13,0.0009858710123077223,-0.0011849542968132521,-0.006623853778602096,7.936507936507937e-05
2017-10-16,0.00017362851268383657,0.006110023655029022,-0.0032825653909886875,7.936507936507937e-05
2017-10-17,-0.00012769531022068062,-0.006280312107517272,0.004032807628615092,7.936507936507937e-05
2017-10-18,0.0007515197218163086,0.006139334439805237,0.00014751666523641575,7.936507936507937e-05
2017-10-19,0.0015078689281071474,0.0013853774147184693,0.004517160496366148,7.936507936507937e-05
2017-10-20,0.0065627829990133665,-0.00023728043982731636,-0.007332974790545237,7.936507936507937e-05
2017-10-23,-0.003990744870903244,0.007449089507226663,0.007079980144903852,7.936507936507937e-05
2017-10-24,0.0008134956418688851,0.012128017783576611,-0.003497653877447433,7.936507936507937e-05
2017-10-25,-0.006639021170231025,0.0058180047091530695,0.011206030175495797,7.936507936507937e-05
2017-10-26,0.0018780846897317408,0.0016468530972499492,-0.003875646283462495,7.936507936507937e-05
2017-10-27,0.0010030365656845098,0.014027021242947166,0.002314835680023939,7.936507936507937e-05
2017-10-30,-0.004520808368568703,-0.006643498120686389,0.0022179640487432037,7.936507936507937e-05
2017-10-31,0.0011073561660246158,0.013499140143006919,-0.0013699502568397916,7.936507936507937e-05
2017-11-01,-6.104599830346043e-05,0.002255972660524243,0.00754786486203338,7.936507936507937e-05
2017-11-02,-0.0010610221544199274,0.020075758462225465,0.006239626180680764,7.936507936507937e-05
2017-11-03,0.0011631596240352141,0.005728663405940821,0.0012146172857510893,7.936507936507937e-05
2017-11-06,0.003999732245131402,-0.012822700651521662,-0.018284683583368686,7.936507936507937e-05
2017-11-07,-0.0015424898059683417,0.0024753248745364065,0.01672075186370651,7.936507936507937e-05
2017-11-08,0.001682532323471043,-0.0016384904585806524,0.0027733036119807954,7.936507936507937e-05
2017-11-09,-0.0024535403902200734,-0.024255702622702643,-0.012429174660225528,7.936507936507937e-05
2017-11-10,0.0003546865448739571,-0.0005326233281931778,-0.006948740157762627,7.936507936507937e-05
2017-11-13,0.0016005988902298173,0.006115968806570105,0.00977919852875783,7.936507936507937e-05
2017-11-14,-0.001017904804504332,0.002451803474668375,0.008578239288120609,7.936507936507937e-05
2017-11-15,-0.005258809877097169,-0.0008922787868807019,-0.009187230377383886,7.936507936507937e-05
2017-11-16,0.008376841981179523,0.005785566507358239,-0.0030712361067846113,7.936507936507937e-05
2017-11-17,0.001956547047370065,-0.021970106769286717,-0.022425817085348517,7.936507936507937e-05
2017-11-20,0.0009759219522970985,0.006308911561373743,0.002081214258253088,7.936507936507937e-05
2017-11-21,0.003450794932254972,0.014786655830928494,0.009227692492726557,7.936507936507937e-05
2017-11-22,-0.0002827888806662659,-0.009936319748020308,-0.003879871156821386,7.936507936507937e-05
2017-11-24,0.0004730607204684894,0.00980105545368866,0.004310263487437156,7.936507936507937e-05
2017-11-27,-0.0010826712167522883,-0.0016189565969677623,0.00681830211865857,7.936507936507937e-05
2017-11-28,0.01141793644372348,-0.008058854698982033,-0.009456448269087656,7.936507936507937e-05
2017-11-29,0.005219852584542716,-0.03454211819106465,-0.01002484556917409,7.936507936507937e-05
2017-11-30,0.007072193197996272,0.002162626664456011,0.0018180676236270931,7.936507936507937e-05
2017-12-01,-0.002082825250856478,-0.011758817879613363,7.9668511927622e-06,7.936507936507937e-05
2017-12-04,0.0022618970445342436,-0.040024897698839,-0.005465942242052364,7.936507936507937e-05
2017-12-05,-0.006742578463981975,0.016124932705486195,0.0032496623042052395,7.936507936507937e-05
2017-12-06,-0.0021412002424634332,0.020211158307145843,0.008944487700163723,7.936507936507937e-05
2017-12-07,0.004214077944852864,0.00788946807574563,-0.005775180615077478,7.936507936507937e-05
2017-12-08,0.006392405229600581,-0.009967947835262541,-0.007212719295541255,7.936507936507937e-05
2017-12-11,0.0011378372528850094,-0.0026319032634918144,-0.005406426213742731,7.936507936507937e-05
2017-12-12,-0.0003787688241491596,-0.006570611129345592,-0.0029178077243469103,7.936507936507937e-05
2017-12-13,-0.0010586739306640406,0.0016178162421509935,-0.0039954334667180345,7.936507936507937e-05
2017-12-14,-0.0058367802424029195,0.006439003721545723,0.0012362494343049505,7.936507936507937e-05
2017-12-15,0.009299080584228035,-0.000387613417759055,-0.003939944579087721,7.936507936507937e-05
2017-12-18,0.007102968277038038,-0.011463442744224978,-0.017591846215898155,7.936507936507937e-05
2017-12-19,-0.003157069673582223,-0.0020173543063555254,-0.005554302245900233,7.936507936507937e-05
2017-12-20,-0.00025255505353129605,-0.0039025988390230396,-0.006718032091064399,7.936507936507937e-05
2017-12-21,0.0022805500560560744,-0.020679959643771107,-0.012280765166320585,7.936507936507937e-05
2017-12-22,0.0006885066783825843,-0.004534778360597296,0.00047060499107434153,7.936507936507937e-05
2017-12-26,0.0011596476689720923,-0.013766722370749941,-0.0060284694656238605,7.936507936507937e-05
2017-12-27,1.4553479559060154e-05,0.010713552386608122,0.008751896929858255,7.936507936507937e-05
2017-12-28,0.002274704547664152,0.002809807824827868,0.0031170012421562255,7.936507936507937e-05
2017-12-29,-0.005318542515148861,0.0024756164199051956,0.007613551359414301,7.936507936507937e-05
2018-01-02,0.007835945655934123,-0.01216607854094389,-0.027969646794278963,7.936507936507937e-05
2018-01-03,0.00552525197874544,0.008779080375419166,-0.009463530758214456,7.936507936507937e-05
2018-01-04,0.002902376346057292,-0.002333329189685216,-0.00022255285320223585,7.936507936507937e-05
2018-01-05,0.005288486438656291,0.009162135036809863,0.0019006239893231227,7.936507936507937e-05
2018-01-08,0.002999647364648471,0.004413609616291043,-0.0009281823893488501,7.936507936507937e-05
2018-01-09,-0.00043720585631298143,0.011135276482841803,0.006144357683867934,7.936507936507937e-05
2018-01-10,-0.002674502866985683,-0.007620768552064516,-0.006238896745373433,7.936507936507937e-05
2018-01-11,0.009015370700915015,-0.014667479976159725,-0.017661481825203877,7.936507936507937e-05
2018-01-12,0.006080788124742955,-0.0032430055611443716,-0.011130612894339361,7.936507936507937e-05
2018-01-16,-0.006643872863580407,0.012710905097691263,0.011935388682192127,7.936507936507937e-05
2018-01-17,0.00812990856132325,0.010016356841799232,0.0020694601897447203,7.936507936507937e-05
2018-01-18,-0.0026920293054176216,0.0007955036549813933,-0.0024294380194245747,7.936507936507937e-05
2018-01-19,0.006339293480240127,-9.806319303433918e-05,-0.003198913937424465,7.936507936507937e-05
2018-01-22,0.006901653425353156,-0.0085595270846368,-0.006851924995809824,7.936507936507937e-05
2018-01-23,0.00319579035705329,0.0009750971942633748,-0.004513544151967889,7.936507936507937e-05
2018-01-24,7.467887180995691e-05,0.0016529792815427235,0.0007442271191716054,7.936507936507937e-05
2018-01-25,-0.0007144023175675076,0.01355363898095946,0.017312991169940967,7.936507936507937e-05
2018-01-26,0.009445343421980956,0.003346646851236784,-0.002647033685466607,7.936507936507937e-05
2018-01-29,-0.007549101760956986,-0.007381317880125917,-0.0011051009364586358,7.936507936507937e-05
2018-01-30,-0.011214211310112361,0.01295871466705517,0.015106045516900153,7.936507936507937e-05
2018-01-31,-0.00012830332743743588,0.0061475147977031325,0.00600004492965396,7.936507936507937e-05
2018-02-01,-0.002531811301452493,0.0003307053079189613,-0.0006108256823607516,7.936507936507937e-05
2018-02-02,-0.020225010307636588,-0.0004479136940004659,0.008343677983451928,7.936507936507937e-05
2018-02-05,-0.03698652693909124,-0.0001762208064629775,0.0012423426827500653,7.936507936507937e-05
2018-02-06,0.013274932667449585,0.0018714207370838336,-0.020444360181166202,7.936507936507937e-05
2018-02-07,-0.002937468037494512,0.007131359959633489,0.0029283220603561325,7.936507936507937e-05
